name,mode,use_fill16,r16,g16,b16,w16,repeats
gray_q16_00000,fill16,1,0,0,0,0,1
gray_q16_00131,fill16,1,131,131,131,0,1
gray_q16_00262,fill16,1,262,262,262,0,1
gray_q16_00393,fill16,1,393,393,393,0,1
gray_q16_00525,fill16,1,525,525,525,0,1
gray_q16_00656,fill16,1,656,656,656,0,1
gray_q16_00787,fill16,1,787,787,787,0,1
gray_q16_00919,fill16,1,919,919,919,0,1
gray_q16_01050,fill16,1,1050,1050,1050,0,1
gray_q16_01181,fill16,1,1181,1181,1181,0,1
gray_q16_01313,fill16,1,1313,1313,1313,0,1
gray_q16_01444,fill16,1,1444,1444,1444,0,1
gray_q16_01575,fill16,1,1575,1575,1575,0,1
gray_q16_01707,fill16,1,1707,1707,1707,0,1
gray_q16_01838,fill16,1,1838,1838,1838,0,1
gray_q16_01969,fill16,1,1969,1969,1969,0,1
gray_q16_02101,fill16,1,2101,2101,2101,0,1
gray_q16_02232,fill16,1,2232,2232,2232,0,1
gray_q16_02363,fill16,1,2363,2363,2363,0,1
gray_q16_02495,fill16,1,2495,2495,2495,0,1
gray_q16_02626,fill16,1,2626,2626,2626,0,1
gray_q16_02757,fill16,1,2757,2757,2757,0,1
gray_q16_02889,fill16,1,2889,2889,2889,0,1
gray_q16_03020,fill16,1,3020,3020,3020,0,1
gray_q16_03151,fill16,1,3151,3151,3151,0,1
gray_q16_03283,fill16,1,3283,3283,3283,0,1
gray_q16_03414,fill16,1,3414,3414,3414,0,1
gray_q16_03545,fill16,1,3545,3545,3545,0,1
gray_q16_03677,fill16,1,3677,3677,3677,0,1
gray_q16_03808,fill16,1,3808,3808,3808,0,1
gray_q16_03939,fill16,1,3939,3939,3939,0,1
gray_q16_04071,fill16,1,4071,4071,4071,0,1
gray_q16_04202,fill16,1,4202,4202,4202,0,1
gray_q16_04333,fill16,1,4333,4333,4333,0,1
gray_q16_04465,fill16,1,4465,4465,4465,0,1
gray_q16_04596,fill16,1,4596,4596,4596,0,1
gray_q16_04727,fill16,1,4727,4727,4727,0,1
gray_q16_04859,fill16,1,4859,4859,4859,0,1
gray_q16_04990,fill16,1,4990,4990,4990,0,1
gray_q16_05121,fill16,1,5121,5121,5121,0,1
gray_q16_05253,fill16,1,5253,5253,5253,0,1
gray_q16_05384,fill16,1,5384,5384,5384,0,1
gray_q16_05515,fill16,1,5515,5515,5515,0,1
gray_q16_05647,fill16,1,5647,5647,5647,0,1
gray_q16_05778,fill16,1,5778,5778,5778,0,1
gray_q16_05909,fill16,1,5909,5909,5909,0,1
gray_q16_06041,fill16,1,6041,6041,6041,0,1
gray_q16_06172,fill16,1,6172,6172,6172,0,1
gray_q16_06303,fill16,1,6303,6303,6303,0,1
gray_q16_06435,fill16,1,6435,6435,6435,0,1
gray_q16_06566,fill16,1,6566,6566,6566,0,1
gray_q16_06697,fill16,1,6697,6697,6697,0,1
gray_q16_06829,fill16,1,6829,6829,6829,0,1
gray_q16_06960,fill16,1,6960,6960,6960,0,1
gray_q16_07091,fill16,1,7091,7091,7091,0,1
gray_q16_07223,fill16,1,7223,7223,7223,0,1
gray_q16_07354,fill16,1,7354,7354,7354,0,1
gray_q16_07485,fill16,1,7485,7485,7485,0,1
gray_q16_07617,fill16,1,7617,7617,7617,0,1
gray_q16_07748,fill16,1,7748,7748,7748,0,1
gray_q16_07879,fill16,1,7879,7879,7879,0,1
gray_q16_08011,fill16,1,8011,8011,8011,0,1
gray_q16_08142,fill16,1,8142,8142,8142,0,1
gray_q16_08273,fill16,1,8273,8273,8273,0,1
gray_q16_08405,fill16,1,8405,8405,8405,0,1
gray_q16_08536,fill16,1,8536,8536,8536,0,1
gray_q16_08667,fill16,1,8667,8667,8667,0,1
gray_q16_08799,fill16,1,8799,8799,8799,0,1
gray_q16_08930,fill16,1,8930,8930,8930,0,1
gray_q16_09061,fill16,1,9061,9061,9061,0,1
gray_q16_09193,fill16,1,9193,9193,9193,0,1
gray_q16_09324,fill16,1,9324,9324,9324,0,1
gray_q16_09455,fill16,1,9455,9455,9455,0,1
gray_q16_09587,fill16,1,9587,9587,9587,0,1
gray_q16_09718,fill16,1,9718,9718,9718,0,1
gray_q16_09849,fill16,1,9849,9849,9849,0,1
gray_q16_09981,fill16,1,9981,9981,9981,0,1
gray_q16_10112,fill16,1,10112,10112,10112,0,1
gray_q16_10243,fill16,1,10243,10243,10243,0,1
gray_q16_10375,fill16,1,10375,10375,10375,0,1
gray_q16_10506,fill16,1,10506,10506,10506,0,1
gray_q16_10637,fill16,1,10637,10637,10637,0,1
gray_q16_10769,fill16,1,10769,10769,10769,0,1
gray_q16_10900,fill16,1,10900,10900,10900,0,1
gray_q16_11031,fill16,1,11031,11031,11031,0,1
gray_q16_11163,fill16,1,11163,11163,11163,0,1
gray_q16_11294,fill16,1,11294,11294,11294,0,1
gray_q16_11425,fill16,1,11425,11425,11425,0,1
gray_q16_11557,fill16,1,11557,11557,11557,0,1
gray_q16_11688,fill16,1,11688,11688,11688,0,1
gray_q16_11819,fill16,1,11819,11819,11819,0,1
gray_q16_11951,fill16,1,11951,11951,11951,0,1
gray_q16_12082,fill16,1,12082,12082,12082,0,1
gray_q16_12213,fill16,1,12213,12213,12213,0,1
gray_q16_12345,fill16,1,12345,12345,12345,0,1
gray_q16_12476,fill16,1,12476,12476,12476,0,1
gray_q16_12607,fill16,1,12607,12607,12607,0,1
gray_q16_12739,fill16,1,12739,12739,12739,0,1
gray_q16_12870,fill16,1,12870,12870,12870,0,1
gray_q16_13001,fill16,1,13001,13001,13001,0,1
gray_q16_13133,fill16,1,13133,13133,13133,0,1
gray_q16_13264,fill16,1,13264,13264,13264,0,1
gray_q16_13395,fill16,1,13395,13395,13395,0,1
gray_q16_13527,fill16,1,13527,13527,13527,0,1
gray_q16_13658,fill16,1,13658,13658,13658,0,1
gray_q16_13789,fill16,1,13789,13789,13789,0,1
gray_q16_13921,fill16,1,13921,13921,13921,0,1
gray_q16_14052,fill16,1,14052,14052,14052,0,1
gray_q16_14183,fill16,1,14183,14183,14183,0,1
gray_q16_14315,fill16,1,14315,14315,14315,0,1
gray_q16_14446,fill16,1,14446,14446,14446,0,1
gray_q16_14577,fill16,1,14577,14577,14577,0,1
gray_q16_14709,fill16,1,14709,14709,14709,0,1
gray_q16_14840,fill16,1,14840,14840,14840,0,1
gray_q16_14971,fill16,1,14971,14971,14971,0,1
gray_q16_15103,fill16,1,15103,15103,15103,0,1
gray_q16_15234,fill16,1,15234,15234,15234,0,1
gray_q16_15365,fill16,1,15365,15365,15365,0,1
gray_q16_15497,fill16,1,15497,15497,15497,0,1
gray_q16_15628,fill16,1,15628,15628,15628,0,1
gray_q16_15759,fill16,1,15759,15759,15759,0,1
gray_q16_15891,fill16,1,15891,15891,15891,0,1
gray_q16_16022,fill16,1,16022,16022,16022,0,1
gray_q16_16153,fill16,1,16153,16153,16153,0,1
gray_q16_16285,fill16,1,16285,16285,16285,0,1
gray_q16_16416,fill16,1,16416,16416,16416,0,1
gray_q16_16547,fill16,1,16547,16547,16547,0,1
gray_q16_16679,fill16,1,16679,16679,16679,0,1
gray_q16_16810,fill16,1,16810,16810,16810,0,1
gray_q16_16941,fill16,1,16941,16941,16941,0,1
gray_q16_17073,fill16,1,17073,17073,17073,0,1
gray_q16_17204,fill16,1,17204,17204,17204,0,1
gray_q16_17335,fill16,1,17335,17335,17335,0,1
gray_q16_17467,fill16,1,17467,17467,17467,0,1
gray_q16_17598,fill16,1,17598,17598,17598,0,1
gray_q16_17729,fill16,1,17729,17729,17729,0,1
gray_q16_17861,fill16,1,17861,17861,17861,0,1
gray_q16_17992,fill16,1,17992,17992,17992,0,1
gray_q16_18123,fill16,1,18123,18123,18123,0,1
gray_q16_18255,fill16,1,18255,18255,18255,0,1
gray_q16_18386,fill16,1,18386,18386,18386,0,1
gray_q16_18517,fill16,1,18517,18517,18517,0,1
gray_q16_18649,fill16,1,18649,18649,18649,0,1
gray_q16_18780,fill16,1,18780,18780,18780,0,1
gray_q16_18911,fill16,1,18911,18911,18911,0,1
gray_q16_19043,fill16,1,19043,19043,19043,0,1
gray_q16_19174,fill16,1,19174,19174,19174,0,1
gray_q16_19305,fill16,1,19305,19305,19305,0,1
gray_q16_19437,fill16,1,19437,19437,19437,0,1
gray_q16_19568,fill16,1,19568,19568,19568,0,1
gray_q16_19699,fill16,1,19699,19699,19699,0,1
gray_q16_19831,fill16,1,19831,19831,19831,0,1
gray_q16_19962,fill16,1,19962,19962,19962,0,1
gray_q16_20093,fill16,1,20093,20093,20093,0,1
gray_q16_20225,fill16,1,20225,20225,20225,0,1
gray_q16_20356,fill16,1,20356,20356,20356,0,1
gray_q16_20487,fill16,1,20487,20487,20487,0,1
gray_q16_20619,fill16,1,20619,20619,20619,0,1
gray_q16_20750,fill16,1,20750,20750,20750,0,1
gray_q16_20881,fill16,1,20881,20881,20881,0,1
gray_q16_21013,fill16,1,21013,21013,21013,0,1
gray_q16_21144,fill16,1,21144,21144,21144,0,1
gray_q16_21275,fill16,1,21275,21275,21275,0,1
gray_q16_21407,fill16,1,21407,21407,21407,0,1
gray_q16_21538,fill16,1,21538,21538,21538,0,1
gray_q16_21669,fill16,1,21669,21669,21669,0,1
gray_q16_21801,fill16,1,21801,21801,21801,0,1
gray_q16_21932,fill16,1,21932,21932,21932,0,1
gray_q16_22063,fill16,1,22063,22063,22063,0,1
gray_q16_22195,fill16,1,22195,22195,22195,0,1
gray_q16_22326,fill16,1,22326,22326,22326,0,1
gray_q16_22457,fill16,1,22457,22457,22457,0,1
gray_q16_22589,fill16,1,22589,22589,22589,0,1
gray_q16_22720,fill16,1,22720,22720,22720,0,1
gray_q16_22851,fill16,1,22851,22851,22851,0,1
gray_q16_22983,fill16,1,22983,22983,22983,0,1
gray_q16_23114,fill16,1,23114,23114,23114,0,1
gray_q16_23245,fill16,1,23245,23245,23245,0,1
gray_q16_23377,fill16,1,23377,23377,23377,0,1
gray_q16_23508,fill16,1,23508,23508,23508,0,1
gray_q16_23639,fill16,1,23639,23639,23639,0,1
gray_q16_23771,fill16,1,23771,23771,23771,0,1
gray_q16_23902,fill16,1,23902,23902,23902,0,1
gray_q16_24033,fill16,1,24033,24033,24033,0,1
gray_q16_24165,fill16,1,24165,24165,24165,0,1
gray_q16_24296,fill16,1,24296,24296,24296,0,1
gray_q16_24427,fill16,1,24427,24427,24427,0,1
gray_q16_24559,fill16,1,24559,24559,24559,0,1
gray_q16_24690,fill16,1,24690,24690,24690,0,1
gray_q16_24821,fill16,1,24821,24821,24821,0,1
gray_q16_24953,fill16,1,24953,24953,24953,0,1
gray_q16_25084,fill16,1,25084,25084,25084,0,1
gray_q16_25215,fill16,1,25215,25215,25215,0,1
gray_q16_25347,fill16,1,25347,25347,25347,0,1
gray_q16_25478,fill16,1,25478,25478,25478,0,1
gray_q16_25609,fill16,1,25609,25609,25609,0,1
gray_q16_25741,fill16,1,25741,25741,25741,0,1
gray_q16_25872,fill16,1,25872,25872,25872,0,1
gray_q16_26003,fill16,1,26003,26003,26003,0,1
gray_q16_26135,fill16,1,26135,26135,26135,0,1
gray_q16_26266,fill16,1,26266,26266,26266,0,1
gray_q16_26397,fill16,1,26397,26397,26397,0,1
gray_q16_26529,fill16,1,26529,26529,26529,0,1
gray_q16_26660,fill16,1,26660,26660,26660,0,1
gray_q16_26791,fill16,1,26791,26791,26791,0,1
gray_q16_26923,fill16,1,26923,26923,26923,0,1
gray_q16_27054,fill16,1,27054,27054,27054,0,1
gray_q16_27185,fill16,1,27185,27185,27185,0,1
gray_q16_27317,fill16,1,27317,27317,27317,0,1
gray_q16_27448,fill16,1,27448,27448,27448,0,1
gray_q16_27579,fill16,1,27579,27579,27579,0,1
gray_q16_27711,fill16,1,27711,27711,27711,0,1
gray_q16_27842,fill16,1,27842,27842,27842,0,1
gray_q16_27973,fill16,1,27973,27973,27973,0,1
gray_q16_28105,fill16,1,28105,28105,28105,0,1
gray_q16_28236,fill16,1,28236,28236,28236,0,1
gray_q16_28367,fill16,1,28367,28367,28367,0,1
gray_q16_28499,fill16,1,28499,28499,28499,0,1
gray_q16_28630,fill16,1,28630,28630,28630,0,1
gray_q16_28761,fill16,1,28761,28761,28761,0,1
gray_q16_28893,fill16,1,28893,28893,28893,0,1
gray_q16_29024,fill16,1,29024,29024,29024,0,1
gray_q16_29155,fill16,1,29155,29155,29155,0,1
gray_q16_29287,fill16,1,29287,29287,29287,0,1
gray_q16_29418,fill16,1,29418,29418,29418,0,1
gray_q16_29549,fill16,1,29549,29549,29549,0,1
gray_q16_29681,fill16,1,29681,29681,29681,0,1
gray_q16_29812,fill16,1,29812,29812,29812,0,1
gray_q16_29943,fill16,1,29943,29943,29943,0,1
gray_q16_30075,fill16,1,30075,30075,30075,0,1
gray_q16_30206,fill16,1,30206,30206,30206,0,1
gray_q16_30337,fill16,1,30337,30337,30337,0,1
gray_q16_30469,fill16,1,30469,30469,30469,0,1
gray_q16_30600,fill16,1,30600,30600,30600,0,1
gray_q16_30731,fill16,1,30731,30731,30731,0,1
gray_q16_30863,fill16,1,30863,30863,30863,0,1
gray_q16_30994,fill16,1,30994,30994,30994,0,1
gray_q16_31125,fill16,1,31125,31125,31125,0,1
gray_q16_31257,fill16,1,31257,31257,31257,0,1
gray_q16_31388,fill16,1,31388,31388,31388,0,1
gray_q16_31519,fill16,1,31519,31519,31519,0,1
gray_q16_31651,fill16,1,31651,31651,31651,0,1
gray_q16_31782,fill16,1,31782,31782,31782,0,1
gray_q16_31913,fill16,1,31913,31913,31913,0,1
gray_q16_32045,fill16,1,32045,32045,32045,0,1
gray_q16_32176,fill16,1,32176,32176,32176,0,1
gray_q16_32307,fill16,1,32307,32307,32307,0,1
gray_q16_32439,fill16,1,32439,32439,32439,0,1
gray_q16_32570,fill16,1,32570,32570,32570,0,1
gray_q16_32701,fill16,1,32701,32701,32701,0,1
gray_q16_32833,fill16,1,32833,32833,32833,0,1
gray_q16_32964,fill16,1,32964,32964,32964,0,1
gray_q16_33095,fill16,1,33095,33095,33095,0,1
gray_q16_33227,fill16,1,33227,33227,33227,0,1
gray_q16_33358,fill16,1,33358,33358,33358,0,1
gray_q16_33489,fill16,1,33489,33489,33489,0,1
gray_q16_33621,fill16,1,33621,33621,33621,0,1
gray_q16_33752,fill16,1,33752,33752,33752,0,1
gray_q16_33883,fill16,1,33883,33883,33883,0,1
gray_q16_34015,fill16,1,34015,34015,34015,0,1
gray_q16_34146,fill16,1,34146,34146,34146,0,1
gray_q16_34277,fill16,1,34277,34277,34277,0,1
gray_q16_34409,fill16,1,34409,34409,34409,0,1
gray_q16_34540,fill16,1,34540,34540,34540,0,1
gray_q16_34671,fill16,1,34671,34671,34671,0,1
gray_q16_34803,fill16,1,34803,34803,34803,0,1
gray_q16_34934,fill16,1,34934,34934,34934,0,1
gray_q16_35065,fill16,1,35065,35065,35065,0,1
gray_q16_35197,fill16,1,35197,35197,35197,0,1
gray_q16_35328,fill16,1,35328,35328,35328,0,1
gray_q16_35459,fill16,1,35459,35459,35459,0,1
gray_q16_35591,fill16,1,35591,35591,35591,0,1
gray_q16_35722,fill16,1,35722,35722,35722,0,1
gray_q16_35853,fill16,1,35853,35853,35853,0,1
gray_q16_35985,fill16,1,35985,35985,35985,0,1
gray_q16_36116,fill16,1,36116,36116,36116,0,1
gray_q16_36247,fill16,1,36247,36247,36247,0,1
gray_q16_36379,fill16,1,36379,36379,36379,0,1
gray_q16_36510,fill16,1,36510,36510,36510,0,1
gray_q16_36641,fill16,1,36641,36641,36641,0,1
gray_q16_36773,fill16,1,36773,36773,36773,0,1
gray_q16_36904,fill16,1,36904,36904,36904,0,1
gray_q16_37035,fill16,1,37035,37035,37035,0,1
gray_q16_37167,fill16,1,37167,37167,37167,0,1
gray_q16_37298,fill16,1,37298,37298,37298,0,1
gray_q16_37429,fill16,1,37429,37429,37429,0,1
gray_q16_37561,fill16,1,37561,37561,37561,0,1
gray_q16_37692,fill16,1,37692,37692,37692,0,1
gray_q16_37823,fill16,1,37823,37823,37823,0,1
gray_q16_37955,fill16,1,37955,37955,37955,0,1
gray_q16_38086,fill16,1,38086,38086,38086,0,1
gray_q16_38217,fill16,1,38217,38217,38217,0,1
gray_q16_38349,fill16,1,38349,38349,38349,0,1
gray_q16_38480,fill16,1,38480,38480,38480,0,1
gray_q16_38611,fill16,1,38611,38611,38611,0,1
gray_q16_38743,fill16,1,38743,38743,38743,0,1
gray_q16_38874,fill16,1,38874,38874,38874,0,1
gray_q16_39005,fill16,1,39005,39005,39005,0,1
gray_q16_39137,fill16,1,39137,39137,39137,0,1
gray_q16_39268,fill16,1,39268,39268,39268,0,1
gray_q16_39399,fill16,1,39399,39399,39399,0,1
gray_q16_39531,fill16,1,39531,39531,39531,0,1
gray_q16_39662,fill16,1,39662,39662,39662,0,1
gray_q16_39793,fill16,1,39793,39793,39793,0,1
gray_q16_39925,fill16,1,39925,39925,39925,0,1
gray_q16_40056,fill16,1,40056,40056,40056,0,1
gray_q16_40187,fill16,1,40187,40187,40187,0,1
gray_q16_40319,fill16,1,40319,40319,40319,0,1
gray_q16_40450,fill16,1,40450,40450,40450,0,1
gray_q16_40581,fill16,1,40581,40581,40581,0,1
gray_q16_40713,fill16,1,40713,40713,40713,0,1
gray_q16_40844,fill16,1,40844,40844,40844,0,1
gray_q16_40975,fill16,1,40975,40975,40975,0,1
gray_q16_41107,fill16,1,41107,41107,41107,0,1
gray_q16_41238,fill16,1,41238,41238,41238,0,1
gray_q16_41369,fill16,1,41369,41369,41369,0,1
gray_q16_41501,fill16,1,41501,41501,41501,0,1
gray_q16_41632,fill16,1,41632,41632,41632,0,1
gray_q16_41763,fill16,1,41763,41763,41763,0,1
gray_q16_41895,fill16,1,41895,41895,41895,0,1
gray_q16_42026,fill16,1,42026,42026,42026,0,1
gray_q16_42157,fill16,1,42157,42157,42157,0,1
gray_q16_42289,fill16,1,42289,42289,42289,0,1
gray_q16_42420,fill16,1,42420,42420,42420,0,1
gray_q16_42551,fill16,1,42551,42551,42551,0,1
gray_q16_42683,fill16,1,42683,42683,42683,0,1
gray_q16_42814,fill16,1,42814,42814,42814,0,1
gray_q16_42945,fill16,1,42945,42945,42945,0,1
gray_q16_43077,fill16,1,43077,43077,43077,0,1
gray_q16_43208,fill16,1,43208,43208,43208,0,1
gray_q16_43339,fill16,1,43339,43339,43339,0,1
gray_q16_43471,fill16,1,43471,43471,43471,0,1
gray_q16_43602,fill16,1,43602,43602,43602,0,1
gray_q16_43733,fill16,1,43733,43733,43733,0,1
gray_q16_43865,fill16,1,43865,43865,43865,0,1
gray_q16_43996,fill16,1,43996,43996,43996,0,1
gray_q16_44127,fill16,1,44127,44127,44127,0,1
gray_q16_44259,fill16,1,44259,44259,44259,0,1
gray_q16_44390,fill16,1,44390,44390,44390,0,1
gray_q16_44521,fill16,1,44521,44521,44521,0,1
gray_q16_44653,fill16,1,44653,44653,44653,0,1
gray_q16_44784,fill16,1,44784,44784,44784,0,1
gray_q16_44915,fill16,1,44915,44915,44915,0,1
gray_q16_45047,fill16,1,45047,45047,45047,0,1
gray_q16_45178,fill16,1,45178,45178,45178,0,1
gray_q16_45309,fill16,1,45309,45309,45309,0,1
gray_q16_45441,fill16,1,45441,45441,45441,0,1
gray_q16_45572,fill16,1,45572,45572,45572,0,1
gray_q16_45703,fill16,1,45703,45703,45703,0,1
gray_q16_45835,fill16,1,45835,45835,45835,0,1
gray_q16_45966,fill16,1,45966,45966,45966,0,1
gray_q16_46097,fill16,1,46097,46097,46097,0,1
gray_q16_46229,fill16,1,46229,46229,46229,0,1
gray_q16_46360,fill16,1,46360,46360,46360,0,1
gray_q16_46491,fill16,1,46491,46491,46491,0,1
gray_q16_46623,fill16,1,46623,46623,46623,0,1
gray_q16_46754,fill16,1,46754,46754,46754,0,1
gray_q16_46885,fill16,1,46885,46885,46885,0,1
gray_q16_47017,fill16,1,47017,47017,47017,0,1
gray_q16_47148,fill16,1,47148,47148,47148,0,1
gray_q16_47279,fill16,1,47279,47279,47279,0,1
gray_q16_47411,fill16,1,47411,47411,47411,0,1
gray_q16_47542,fill16,1,47542,47542,47542,0,1
gray_q16_47673,fill16,1,47673,47673,47673,0,1
gray_q16_47805,fill16,1,47805,47805,47805,0,1
gray_q16_47936,fill16,1,47936,47936,47936,0,1
gray_q16_48067,fill16,1,48067,48067,48067,0,1
gray_q16_48199,fill16,1,48199,48199,48199,0,1
gray_q16_48330,fill16,1,48330,48330,48330,0,1
gray_q16_48461,fill16,1,48461,48461,48461,0,1
gray_q16_48593,fill16,1,48593,48593,48593,0,1
gray_q16_48724,fill16,1,48724,48724,48724,0,1
gray_q16_48855,fill16,1,48855,48855,48855,0,1
gray_q16_48987,fill16,1,48987,48987,48987,0,1
gray_q16_49118,fill16,1,49118,49118,49118,0,1
gray_q16_49249,fill16,1,49249,49249,49249,0,1
gray_q16_49381,fill16,1,49381,49381,49381,0,1
gray_q16_49512,fill16,1,49512,49512,49512,0,1
gray_q16_49643,fill16,1,49643,49643,49643,0,1
gray_q16_49775,fill16,1,49775,49775,49775,0,1
gray_q16_49906,fill16,1,49906,49906,49906,0,1
gray_q16_50037,fill16,1,50037,50037,50037,0,1
gray_q16_50169,fill16,1,50169,50169,50169,0,1
gray_q16_50300,fill16,1,50300,50300,50300,0,1
gray_q16_50431,fill16,1,50431,50431,50431,0,1
gray_q16_50563,fill16,1,50563,50563,50563,0,1
gray_q16_50694,fill16,1,50694,50694,50694,0,1
gray_q16_50825,fill16,1,50825,50825,50825,0,1
gray_q16_50957,fill16,1,50957,50957,50957,0,1
gray_q16_51088,fill16,1,51088,51088,51088,0,1
gray_q16_51219,fill16,1,51219,51219,51219,0,1
gray_q16_51351,fill16,1,51351,51351,51351,0,1
gray_q16_51482,fill16,1,51482,51482,51482,0,1
gray_q16_51613,fill16,1,51613,51613,51613,0,1
gray_q16_51745,fill16,1,51745,51745,51745,0,1
gray_q16_51876,fill16,1,51876,51876,51876,0,1
gray_q16_52007,fill16,1,52007,52007,52007,0,1
gray_q16_52139,fill16,1,52139,52139,52139,0,1
gray_q16_52270,fill16,1,52270,52270,52270,0,1
gray_q16_52401,fill16,1,52401,52401,52401,0,1
gray_q16_52533,fill16,1,52533,52533,52533,0,1
gray_q16_52664,fill16,1,52664,52664,52664,0,1
gray_q16_52795,fill16,1,52795,52795,52795,0,1
gray_q16_52927,fill16,1,52927,52927,52927,0,1
gray_q16_53058,fill16,1,53058,53058,53058,0,1
gray_q16_53189,fill16,1,53189,53189,53189,0,1
gray_q16_53321,fill16,1,53321,53321,53321,0,1
gray_q16_53452,fill16,1,53452,53452,53452,0,1
gray_q16_53583,fill16,1,53583,53583,53583,0,1
gray_q16_53715,fill16,1,53715,53715,53715,0,1
gray_q16_53846,fill16,1,53846,53846,53846,0,1
gray_q16_53977,fill16,1,53977,53977,53977,0,1
gray_q16_54109,fill16,1,54109,54109,54109,0,1
gray_q16_54240,fill16,1,54240,54240,54240,0,1
gray_q16_54371,fill16,1,54371,54371,54371,0,1
gray_q16_54503,fill16,1,54503,54503,54503,0,1
gray_q16_54634,fill16,1,54634,54634,54634,0,1
gray_q16_54765,fill16,1,54765,54765,54765,0,1
gray_q16_54897,fill16,1,54897,54897,54897,0,1
gray_q16_55028,fill16,1,55028,55028,55028,0,1
gray_q16_55159,fill16,1,55159,55159,55159,0,1
gray_q16_55291,fill16,1,55291,55291,55291,0,1
gray_q16_55422,fill16,1,55422,55422,55422,0,1
gray_q16_55553,fill16,1,55553,55553,55553,0,1
gray_q16_55685,fill16,1,55685,55685,55685,0,1
gray_q16_55816,fill16,1,55816,55816,55816,0,1
gray_q16_55947,fill16,1,55947,55947,55947,0,1
gray_q16_56079,fill16,1,56079,56079,56079,0,1
gray_q16_56210,fill16,1,56210,56210,56210,0,1
gray_q16_56341,fill16,1,56341,56341,56341,0,1
gray_q16_56473,fill16,1,56473,56473,56473,0,1
gray_q16_56604,fill16,1,56604,56604,56604,0,1
gray_q16_56735,fill16,1,56735,56735,56735,0,1
gray_q16_56867,fill16,1,56867,56867,56867,0,1
gray_q16_56998,fill16,1,56998,56998,56998,0,1
gray_q16_57129,fill16,1,57129,57129,57129,0,1
gray_q16_57261,fill16,1,57261,57261,57261,0,1
gray_q16_57392,fill16,1,57392,57392,57392,0,1
gray_q16_57523,fill16,1,57523,57523,57523,0,1
gray_q16_57655,fill16,1,57655,57655,57655,0,1
gray_q16_57786,fill16,1,57786,57786,57786,0,1
gray_q16_57917,fill16,1,57917,57917,57917,0,1
gray_q16_58049,fill16,1,58049,58049,58049,0,1
gray_q16_58180,fill16,1,58180,58180,58180,0,1
gray_q16_58311,fill16,1,58311,58311,58311,0,1
gray_q16_58443,fill16,1,58443,58443,58443,0,1
gray_q16_58574,fill16,1,58574,58574,58574,0,1
gray_q16_58705,fill16,1,58705,58705,58705,0,1
gray_q16_58837,fill16,1,58837,58837,58837,0,1
gray_q16_58968,fill16,1,58968,58968,58968,0,1
gray_q16_59099,fill16,1,59099,59099,59099,0,1
gray_q16_59231,fill16,1,59231,59231,59231,0,1
gray_q16_59362,fill16,1,59362,59362,59362,0,1
gray_q16_59493,fill16,1,59493,59493,59493,0,1
gray_q16_59625,fill16,1,59625,59625,59625,0,1
gray_q16_59756,fill16,1,59756,59756,59756,0,1
gray_q16_59887,fill16,1,59887,59887,59887,0,1
gray_q16_60019,fill16,1,60019,60019,60019,0,1
gray_q16_60150,fill16,1,60150,60150,60150,0,1
gray_q16_60281,fill16,1,60281,60281,60281,0,1
gray_q16_60413,fill16,1,60413,60413,60413,0,1
gray_q16_60544,fill16,1,60544,60544,60544,0,1
gray_q16_60675,fill16,1,60675,60675,60675,0,1
gray_q16_60807,fill16,1,60807,60807,60807,0,1
gray_q16_60938,fill16,1,60938,60938,60938,0,1
gray_q16_61069,fill16,1,61069,61069,61069,0,1
gray_q16_61201,fill16,1,61201,61201,61201,0,1
gray_q16_61332,fill16,1,61332,61332,61332,0,1
gray_q16_61463,fill16,1,61463,61463,61463,0,1
gray_q16_61595,fill16,1,61595,61595,61595,0,1
gray_q16_61726,fill16,1,61726,61726,61726,0,1
gray_q16_61857,fill16,1,61857,61857,61857,0,1
gray_q16_61989,fill16,1,61989,61989,61989,0,1
gray_q16_62120,fill16,1,62120,62120,62120,0,1
gray_q16_62251,fill16,1,62251,62251,62251,0,1
gray_q16_62383,fill16,1,62383,62383,62383,0,1
gray_q16_62514,fill16,1,62514,62514,62514,0,1
gray_q16_62645,fill16,1,62645,62645,62645,0,1
gray_q16_62777,fill16,1,62777,62777,62777,0,1
gray_q16_62908,fill16,1,62908,62908,62908,0,1
gray_q16_63039,fill16,1,63039,63039,63039,0,1
gray_q16_63171,fill16,1,63171,63171,63171,0,1
gray_q16_63302,fill16,1,63302,63302,63302,0,1
gray_q16_63433,fill16,1,63433,63433,63433,0,1
gray_q16_63565,fill16,1,63565,63565,63565,0,1
gray_q16_63696,fill16,1,63696,63696,63696,0,1
gray_q16_63827,fill16,1,63827,63827,63827,0,1
gray_q16_63959,fill16,1,63959,63959,63959,0,1
gray_q16_64090,fill16,1,64090,64090,64090,0,1
gray_q16_64221,fill16,1,64221,64221,64221,0,1
gray_q16_64353,fill16,1,64353,64353,64353,0,1
gray_q16_64484,fill16,1,64484,64484,64484,0,1
gray_q16_64615,fill16,1,64615,64615,64615,0,1
gray_q16_64747,fill16,1,64747,64747,64747,0,1
gray_q16_64878,fill16,1,64878,64878,64878,0,1
gray_q16_65009,fill16,1,65009,65009,65009,0,1
gray_q16_65141,fill16,1,65141,65141,65141,0,1
gray_q16_65272,fill16,1,65272,65272,65272,0,1
gray_q16_65403,fill16,1,65403,65403,65403,0,1
gray_q16_65535,fill16,1,65535,65535,65535,0,1
R_q16_00000,fill16,1,0,0,0,0,1
R_q16_00263,fill16,1,263,0,0,0,1
R_q16_00526,fill16,1,526,0,0,0,1
R_q16_00789,fill16,1,789,0,0,0,1
R_q16_01052,fill16,1,1052,0,0,0,1
R_q16_01315,fill16,1,1315,0,0,0,1
R_q16_01579,fill16,1,1579,0,0,0,1
R_q16_01842,fill16,1,1842,0,0,0,1
R_q16_02105,fill16,1,2105,0,0,0,1
R_q16_02368,fill16,1,2368,0,0,0,1
R_q16_02631,fill16,1,2631,0,0,0,1
R_q16_02895,fill16,1,2895,0,0,0,1
R_q16_03158,fill16,1,3158,0,0,0,1
R_q16_03421,fill16,1,3421,0,0,0,1
R_q16_03684,fill16,1,3684,0,0,0,1
R_q16_03947,fill16,1,3947,0,0,0,1
R_q16_04211,fill16,1,4211,0,0,0,1
R_q16_04474,fill16,1,4474,0,0,0,1
R_q16_04737,fill16,1,4737,0,0,0,1
R_q16_05000,fill16,1,5000,0,0,0,1
R_q16_05263,fill16,1,5263,0,0,0,1
R_q16_05527,fill16,1,5527,0,0,0,1
R_q16_05790,fill16,1,5790,0,0,0,1
R_q16_06053,fill16,1,6053,0,0,0,1
R_q16_06316,fill16,1,6316,0,0,0,1
R_q16_06579,fill16,1,6579,0,0,0,1
R_q16_06843,fill16,1,6843,0,0,0,1
R_q16_07106,fill16,1,7106,0,0,0,1
R_q16_07369,fill16,1,7369,0,0,0,1
R_q16_07632,fill16,1,7632,0,0,0,1
R_q16_07895,fill16,1,7895,0,0,0,1
R_q16_08158,fill16,1,8158,0,0,0,1
R_q16_08422,fill16,1,8422,0,0,0,1
R_q16_08685,fill16,1,8685,0,0,0,1
R_q16_08948,fill16,1,8948,0,0,0,1
R_q16_09211,fill16,1,9211,0,0,0,1
R_q16_09474,fill16,1,9474,0,0,0,1
R_q16_09738,fill16,1,9738,0,0,0,1
R_q16_10001,fill16,1,10001,0,0,0,1
R_q16_10264,fill16,1,10264,0,0,0,1
R_q16_10527,fill16,1,10527,0,0,0,1
R_q16_10790,fill16,1,10790,0,0,0,1
R_q16_11054,fill16,1,11054,0,0,0,1
R_q16_11317,fill16,1,11317,0,0,0,1
R_q16_11580,fill16,1,11580,0,0,0,1
R_q16_11843,fill16,1,11843,0,0,0,1
R_q16_12106,fill16,1,12106,0,0,0,1
R_q16_12370,fill16,1,12370,0,0,0,1
R_q16_12633,fill16,1,12633,0,0,0,1
R_q16_12896,fill16,1,12896,0,0,0,1
R_q16_13159,fill16,1,13159,0,0,0,1
R_q16_13422,fill16,1,13422,0,0,0,1
R_q16_13686,fill16,1,13686,0,0,0,1
R_q16_13949,fill16,1,13949,0,0,0,1
R_q16_14212,fill16,1,14212,0,0,0,1
R_q16_14475,fill16,1,14475,0,0,0,1
R_q16_14738,fill16,1,14738,0,0,0,1
R_q16_15001,fill16,1,15001,0,0,0,1
R_q16_15265,fill16,1,15265,0,0,0,1
R_q16_15528,fill16,1,15528,0,0,0,1
R_q16_15791,fill16,1,15791,0,0,0,1
R_q16_16054,fill16,1,16054,0,0,0,1
R_q16_16317,fill16,1,16317,0,0,0,1
R_q16_16581,fill16,1,16581,0,0,0,1
R_q16_16844,fill16,1,16844,0,0,0,1
R_q16_17107,fill16,1,17107,0,0,0,1
R_q16_17370,fill16,1,17370,0,0,0,1
R_q16_17633,fill16,1,17633,0,0,0,1
R_q16_17897,fill16,1,17897,0,0,0,1
R_q16_18160,fill16,1,18160,0,0,0,1
R_q16_18423,fill16,1,18423,0,0,0,1
R_q16_18686,fill16,1,18686,0,0,0,1
R_q16_18949,fill16,1,18949,0,0,0,1
R_q16_19213,fill16,1,19213,0,0,0,1
R_q16_19476,fill16,1,19476,0,0,0,1
R_q16_19739,fill16,1,19739,0,0,0,1
R_q16_20002,fill16,1,20002,0,0,0,1
R_q16_20265,fill16,1,20265,0,0,0,1
R_q16_20529,fill16,1,20529,0,0,0,1
R_q16_20792,fill16,1,20792,0,0,0,1
R_q16_21055,fill16,1,21055,0,0,0,1
R_q16_21318,fill16,1,21318,0,0,0,1
R_q16_21581,fill16,1,21581,0,0,0,1
R_q16_21845,fill16,1,21845,0,0,0,1
R_q16_22108,fill16,1,22108,0,0,0,1
R_q16_22371,fill16,1,22371,0,0,0,1
R_q16_22634,fill16,1,22634,0,0,0,1
R_q16_22897,fill16,1,22897,0,0,0,1
R_q16_23160,fill16,1,23160,0,0,0,1
R_q16_23424,fill16,1,23424,0,0,0,1
R_q16_23687,fill16,1,23687,0,0,0,1
R_q16_23950,fill16,1,23950,0,0,0,1
R_q16_24213,fill16,1,24213,0,0,0,1
R_q16_24476,fill16,1,24476,0,0,0,1
R_q16_24740,fill16,1,24740,0,0,0,1
R_q16_25003,fill16,1,25003,0,0,0,1
R_q16_25266,fill16,1,25266,0,0,0,1
R_q16_25529,fill16,1,25529,0,0,0,1
R_q16_25792,fill16,1,25792,0,0,0,1
R_q16_26056,fill16,1,26056,0,0,0,1
R_q16_26319,fill16,1,26319,0,0,0,1
R_q16_26582,fill16,1,26582,0,0,0,1
R_q16_26845,fill16,1,26845,0,0,0,1
R_q16_27108,fill16,1,27108,0,0,0,1
R_q16_27372,fill16,1,27372,0,0,0,1
R_q16_27635,fill16,1,27635,0,0,0,1
R_q16_27898,fill16,1,27898,0,0,0,1
R_q16_28161,fill16,1,28161,0,0,0,1
R_q16_28424,fill16,1,28424,0,0,0,1
R_q16_28688,fill16,1,28688,0,0,0,1
R_q16_28951,fill16,1,28951,0,0,0,1
R_q16_29214,fill16,1,29214,0,0,0,1
R_q16_29477,fill16,1,29477,0,0,0,1
R_q16_29740,fill16,1,29740,0,0,0,1
R_q16_30003,fill16,1,30003,0,0,0,1
R_q16_30267,fill16,1,30267,0,0,0,1
R_q16_30530,fill16,1,30530,0,0,0,1
R_q16_30793,fill16,1,30793,0,0,0,1
R_q16_31056,fill16,1,31056,0,0,0,1
R_q16_31319,fill16,1,31319,0,0,0,1
R_q16_31583,fill16,1,31583,0,0,0,1
R_q16_31846,fill16,1,31846,0,0,0,1
R_q16_32109,fill16,1,32109,0,0,0,1
R_q16_32372,fill16,1,32372,0,0,0,1
R_q16_32635,fill16,1,32635,0,0,0,1
R_q16_32899,fill16,1,32899,0,0,0,1
R_q16_33162,fill16,1,33162,0,0,0,1
R_q16_33425,fill16,1,33425,0,0,0,1
R_q16_33688,fill16,1,33688,0,0,0,1
R_q16_33951,fill16,1,33951,0,0,0,1
R_q16_34215,fill16,1,34215,0,0,0,1
R_q16_34478,fill16,1,34478,0,0,0,1
R_q16_34741,fill16,1,34741,0,0,0,1
R_q16_35004,fill16,1,35004,0,0,0,1
R_q16_35267,fill16,1,35267,0,0,0,1
R_q16_35531,fill16,1,35531,0,0,0,1
R_q16_35794,fill16,1,35794,0,0,0,1
R_q16_36057,fill16,1,36057,0,0,0,1
R_q16_36320,fill16,1,36320,0,0,0,1
R_q16_36583,fill16,1,36583,0,0,0,1
R_q16_36846,fill16,1,36846,0,0,0,1
R_q16_37110,fill16,1,37110,0,0,0,1
R_q16_37373,fill16,1,37373,0,0,0,1
R_q16_37636,fill16,1,37636,0,0,0,1
R_q16_37899,fill16,1,37899,0,0,0,1
R_q16_38162,fill16,1,38162,0,0,0,1
R_q16_38426,fill16,1,38426,0,0,0,1
R_q16_38689,fill16,1,38689,0,0,0,1
R_q16_38952,fill16,1,38952,0,0,0,1
R_q16_39215,fill16,1,39215,0,0,0,1
R_q16_39478,fill16,1,39478,0,0,0,1
R_q16_39742,fill16,1,39742,0,0,0,1
R_q16_40005,fill16,1,40005,0,0,0,1
R_q16_40268,fill16,1,40268,0,0,0,1
R_q16_40531,fill16,1,40531,0,0,0,1
R_q16_40794,fill16,1,40794,0,0,0,1
R_q16_41058,fill16,1,41058,0,0,0,1
R_q16_41321,fill16,1,41321,0,0,0,1
R_q16_41584,fill16,1,41584,0,0,0,1
R_q16_41847,fill16,1,41847,0,0,0,1
R_q16_42110,fill16,1,42110,0,0,0,1
R_q16_42374,fill16,1,42374,0,0,0,1
R_q16_42637,fill16,1,42637,0,0,0,1
R_q16_42900,fill16,1,42900,0,0,0,1
R_q16_43163,fill16,1,43163,0,0,0,1
R_q16_43426,fill16,1,43426,0,0,0,1
R_q16_43690,fill16,1,43690,0,0,0,1
R_q16_43953,fill16,1,43953,0,0,0,1
R_q16_44216,fill16,1,44216,0,0,0,1
R_q16_44479,fill16,1,44479,0,0,0,1
R_q16_44742,fill16,1,44742,0,0,0,1
R_q16_45005,fill16,1,45005,0,0,0,1
R_q16_45269,fill16,1,45269,0,0,0,1
R_q16_45532,fill16,1,45532,0,0,0,1
R_q16_45795,fill16,1,45795,0,0,0,1
R_q16_46058,fill16,1,46058,0,0,0,1
R_q16_46321,fill16,1,46321,0,0,0,1
R_q16_46585,fill16,1,46585,0,0,0,1
R_q16_46848,fill16,1,46848,0,0,0,1
R_q16_47111,fill16,1,47111,0,0,0,1
R_q16_47374,fill16,1,47374,0,0,0,1
R_q16_47637,fill16,1,47637,0,0,0,1
R_q16_47901,fill16,1,47901,0,0,0,1
R_q16_48164,fill16,1,48164,0,0,0,1
R_q16_48427,fill16,1,48427,0,0,0,1
R_q16_48690,fill16,1,48690,0,0,0,1
R_q16_48953,fill16,1,48953,0,0,0,1
R_q16_49217,fill16,1,49217,0,0,0,1
R_q16_49480,fill16,1,49480,0,0,0,1
R_q16_49743,fill16,1,49743,0,0,0,1
R_q16_50006,fill16,1,50006,0,0,0,1
R_q16_50269,fill16,1,50269,0,0,0,1
R_q16_50533,fill16,1,50533,0,0,0,1
R_q16_50796,fill16,1,50796,0,0,0,1
R_q16_51059,fill16,1,51059,0,0,0,1
R_q16_51322,fill16,1,51322,0,0,0,1
R_q16_51585,fill16,1,51585,0,0,0,1
R_q16_51848,fill16,1,51848,0,0,0,1
R_q16_52112,fill16,1,52112,0,0,0,1
R_q16_52375,fill16,1,52375,0,0,0,1
R_q16_52638,fill16,1,52638,0,0,0,1
R_q16_52901,fill16,1,52901,0,0,0,1
R_q16_53164,fill16,1,53164,0,0,0,1
R_q16_53428,fill16,1,53428,0,0,0,1
R_q16_53691,fill16,1,53691,0,0,0,1
R_q16_53954,fill16,1,53954,0,0,0,1
R_q16_54217,fill16,1,54217,0,0,0,1
R_q16_54480,fill16,1,54480,0,0,0,1
R_q16_54744,fill16,1,54744,0,0,0,1
R_q16_55007,fill16,1,55007,0,0,0,1
R_q16_55270,fill16,1,55270,0,0,0,1
R_q16_55533,fill16,1,55533,0,0,0,1
R_q16_55796,fill16,1,55796,0,0,0,1
R_q16_56060,fill16,1,56060,0,0,0,1
R_q16_56323,fill16,1,56323,0,0,0,1
R_q16_56586,fill16,1,56586,0,0,0,1
R_q16_56849,fill16,1,56849,0,0,0,1
R_q16_57112,fill16,1,57112,0,0,0,1
R_q16_57376,fill16,1,57376,0,0,0,1
R_q16_57639,fill16,1,57639,0,0,0,1
R_q16_57902,fill16,1,57902,0,0,0,1
R_q16_58165,fill16,1,58165,0,0,0,1
R_q16_58428,fill16,1,58428,0,0,0,1
R_q16_58691,fill16,1,58691,0,0,0,1
R_q16_58955,fill16,1,58955,0,0,0,1
R_q16_59218,fill16,1,59218,0,0,0,1
R_q16_59481,fill16,1,59481,0,0,0,1
R_q16_59744,fill16,1,59744,0,0,0,1
R_q16_60007,fill16,1,60007,0,0,0,1
R_q16_60271,fill16,1,60271,0,0,0,1
R_q16_60534,fill16,1,60534,0,0,0,1
R_q16_60797,fill16,1,60797,0,0,0,1
R_q16_61060,fill16,1,61060,0,0,0,1
R_q16_61323,fill16,1,61323,0,0,0,1
R_q16_61587,fill16,1,61587,0,0,0,1
R_q16_61850,fill16,1,61850,0,0,0,1
R_q16_62113,fill16,1,62113,0,0,0,1
R_q16_62376,fill16,1,62376,0,0,0,1
R_q16_62639,fill16,1,62639,0,0,0,1
R_q16_62903,fill16,1,62903,0,0,0,1
R_q16_63166,fill16,1,63166,0,0,0,1
R_q16_63429,fill16,1,63429,0,0,0,1
R_q16_63692,fill16,1,63692,0,0,0,1
R_q16_63955,fill16,1,63955,0,0,0,1
R_q16_64219,fill16,1,64219,0,0,0,1
R_q16_64482,fill16,1,64482,0,0,0,1
R_q16_64745,fill16,1,64745,0,0,0,1
R_q16_65008,fill16,1,65008,0,0,0,1
R_q16_65271,fill16,1,65271,0,0,0,1
R_q16_65535,fill16,1,65535,0,0,0,1
G_q16_00000,fill16,1,0,0,0,0,1
G_q16_00263,fill16,1,0,263,0,0,1
G_q16_00526,fill16,1,0,526,0,0,1
G_q16_00789,fill16,1,0,789,0,0,1
G_q16_01052,fill16,1,0,1052,0,0,1
G_q16_01315,fill16,1,0,1315,0,0,1
G_q16_01579,fill16,1,0,1579,0,0,1
G_q16_01842,fill16,1,0,1842,0,0,1
G_q16_02105,fill16,1,0,2105,0,0,1
G_q16_02368,fill16,1,0,2368,0,0,1
G_q16_02631,fill16,1,0,2631,0,0,1
G_q16_02895,fill16,1,0,2895,0,0,1
G_q16_03158,fill16,1,0,3158,0,0,1
G_q16_03421,fill16,1,0,3421,0,0,1
G_q16_03684,fill16,1,0,3684,0,0,1
G_q16_03947,fill16,1,0,3947,0,0,1
G_q16_04211,fill16,1,0,4211,0,0,1
G_q16_04474,fill16,1,0,4474,0,0,1
G_q16_04737,fill16,1,0,4737,0,0,1
G_q16_05000,fill16,1,0,5000,0,0,1
G_q16_05263,fill16,1,0,5263,0,0,1
G_q16_05527,fill16,1,0,5527,0,0,1
G_q16_05790,fill16,1,0,5790,0,0,1
G_q16_06053,fill16,1,0,6053,0,0,1
G_q16_06316,fill16,1,0,6316,0,0,1
G_q16_06579,fill16,1,0,6579,0,0,1
G_q16_06843,fill16,1,0,6843,0,0,1
G_q16_07106,fill16,1,0,7106,0,0,1
G_q16_07369,fill16,1,0,7369,0,0,1
G_q16_07632,fill16,1,0,7632,0,0,1
G_q16_07895,fill16,1,0,7895,0,0,1
G_q16_08158,fill16,1,0,8158,0,0,1
G_q16_08422,fill16,1,0,8422,0,0,1
G_q16_08685,fill16,1,0,8685,0,0,1
G_q16_08948,fill16,1,0,8948,0,0,1
G_q16_09211,fill16,1,0,9211,0,0,1
G_q16_09474,fill16,1,0,9474,0,0,1
G_q16_09738,fill16,1,0,9738,0,0,1
G_q16_10001,fill16,1,0,10001,0,0,1
G_q16_10264,fill16,1,0,10264,0,0,1
G_q16_10527,fill16,1,0,10527,0,0,1
G_q16_10790,fill16,1,0,10790,0,0,1
G_q16_11054,fill16,1,0,11054,0,0,1
G_q16_11317,fill16,1,0,11317,0,0,1
G_q16_11580,fill16,1,0,11580,0,0,1
G_q16_11843,fill16,1,0,11843,0,0,1
G_q16_12106,fill16,1,0,12106,0,0,1
G_q16_12370,fill16,1,0,12370,0,0,1
G_q16_12633,fill16,1,0,12633,0,0,1
G_q16_12896,fill16,1,0,12896,0,0,1
G_q16_13159,fill16,1,0,13159,0,0,1
G_q16_13422,fill16,1,0,13422,0,0,1
G_q16_13686,fill16,1,0,13686,0,0,1
G_q16_13949,fill16,1,0,13949,0,0,1
G_q16_14212,fill16,1,0,14212,0,0,1
G_q16_14475,fill16,1,0,14475,0,0,1
G_q16_14738,fill16,1,0,14738,0,0,1
G_q16_15001,fill16,1,0,15001,0,0,1
G_q16_15265,fill16,1,0,15265,0,0,1
G_q16_15528,fill16,1,0,15528,0,0,1
G_q16_15791,fill16,1,0,15791,0,0,1
G_q16_16054,fill16,1,0,16054,0,0,1
G_q16_16317,fill16,1,0,16317,0,0,1
G_q16_16581,fill16,1,0,16581,0,0,1
G_q16_16844,fill16,1,0,16844,0,0,1
G_q16_17107,fill16,1,0,17107,0,0,1
G_q16_17370,fill16,1,0,17370,0,0,1
G_q16_17633,fill16,1,0,17633,0,0,1
G_q16_17897,fill16,1,0,17897,0,0,1
G_q16_18160,fill16,1,0,18160,0,0,1
G_q16_18423,fill16,1,0,18423,0,0,1
G_q16_18686,fill16,1,0,18686,0,0,1
G_q16_18949,fill16,1,0,18949,0,0,1
G_q16_19213,fill16,1,0,19213,0,0,1
G_q16_19476,fill16,1,0,19476,0,0,1
G_q16_19739,fill16,1,0,19739,0,0,1
G_q16_20002,fill16,1,0,20002,0,0,1
G_q16_20265,fill16,1,0,20265,0,0,1
G_q16_20529,fill16,1,0,20529,0,0,1
G_q16_20792,fill16,1,0,20792,0,0,1
G_q16_21055,fill16,1,0,21055,0,0,1
G_q16_21318,fill16,1,0,21318,0,0,1
G_q16_21581,fill16,1,0,21581,0,0,1
G_q16_21845,fill16,1,0,21845,0,0,1
G_q16_22108,fill16,1,0,22108,0,0,1
G_q16_22371,fill16,1,0,22371,0,0,1
G_q16_22634,fill16,1,0,22634,0,0,1
G_q16_22897,fill16,1,0,22897,0,0,1
G_q16_23160,fill16,1,0,23160,0,0,1
G_q16_23424,fill16,1,0,23424,0,0,1
G_q16_23687,fill16,1,0,23687,0,0,1
G_q16_23950,fill16,1,0,23950,0,0,1
G_q16_24213,fill16,1,0,24213,0,0,1
G_q16_24476,fill16,1,0,24476,0,0,1
G_q16_24740,fill16,1,0,24740,0,0,1
G_q16_25003,fill16,1,0,25003,0,0,1
G_q16_25266,fill16,1,0,25266,0,0,1
G_q16_25529,fill16,1,0,25529,0,0,1
G_q16_25792,fill16,1,0,25792,0,0,1
G_q16_26056,fill16,1,0,26056,0,0,1
G_q16_26319,fill16,1,0,26319,0,0,1
G_q16_26582,fill16,1,0,26582,0,0,1
G_q16_26845,fill16,1,0,26845,0,0,1
G_q16_27108,fill16,1,0,27108,0,0,1
G_q16_27372,fill16,1,0,27372,0,0,1
G_q16_27635,fill16,1,0,27635,0,0,1
G_q16_27898,fill16,1,0,27898,0,0,1
G_q16_28161,fill16,1,0,28161,0,0,1
G_q16_28424,fill16,1,0,28424,0,0,1
G_q16_28688,fill16,1,0,28688,0,0,1
G_q16_28951,fill16,1,0,28951,0,0,1
G_q16_29214,fill16,1,0,29214,0,0,1
G_q16_29477,fill16,1,0,29477,0,0,1
G_q16_29740,fill16,1,0,29740,0,0,1
G_q16_30003,fill16,1,0,30003,0,0,1
G_q16_30267,fill16,1,0,30267,0,0,1
G_q16_30530,fill16,1,0,30530,0,0,1
G_q16_30793,fill16,1,0,30793,0,0,1
G_q16_31056,fill16,1,0,31056,0,0,1
G_q16_31319,fill16,1,0,31319,0,0,1
G_q16_31583,fill16,1,0,31583,0,0,1
G_q16_31846,fill16,1,0,31846,0,0,1
G_q16_32109,fill16,1,0,32109,0,0,1
G_q16_32372,fill16,1,0,32372,0,0,1
G_q16_32635,fill16,1,0,32635,0,0,1
G_q16_32899,fill16,1,0,32899,0,0,1
G_q16_33162,fill16,1,0,33162,0,0,1
G_q16_33425,fill16,1,0,33425,0,0,1
G_q16_33688,fill16,1,0,33688,0,0,1
G_q16_33951,fill16,1,0,33951,0,0,1
G_q16_34215,fill16,1,0,34215,0,0,1
G_q16_34478,fill16,1,0,34478,0,0,1
G_q16_34741,fill16,1,0,34741,0,0,1
G_q16_35004,fill16,1,0,35004,0,0,1
G_q16_35267,fill16,1,0,35267,0,0,1
G_q16_35531,fill16,1,0,35531,0,0,1
G_q16_35794,fill16,1,0,35794,0,0,1
G_q16_36057,fill16,1,0,36057,0,0,1
G_q16_36320,fill16,1,0,36320,0,0,1
G_q16_36583,fill16,1,0,36583,0,0,1
G_q16_36846,fill16,1,0,36846,0,0,1
G_q16_37110,fill16,1,0,37110,0,0,1
G_q16_37373,fill16,1,0,37373,0,0,1
G_q16_37636,fill16,1,0,37636,0,0,1
G_q16_37899,fill16,1,0,37899,0,0,1
G_q16_38162,fill16,1,0,38162,0,0,1
G_q16_38426,fill16,1,0,38426,0,0,1
G_q16_38689,fill16,1,0,38689,0,0,1
G_q16_38952,fill16,1,0,38952,0,0,1
G_q16_39215,fill16,1,0,39215,0,0,1
G_q16_39478,fill16,1,0,39478,0,0,1
G_q16_39742,fill16,1,0,39742,0,0,1
G_q16_40005,fill16,1,0,40005,0,0,1
G_q16_40268,fill16,1,0,40268,0,0,1
G_q16_40531,fill16,1,0,40531,0,0,1
G_q16_40794,fill16,1,0,40794,0,0,1
G_q16_41058,fill16,1,0,41058,0,0,1
G_q16_41321,fill16,1,0,41321,0,0,1
G_q16_41584,fill16,1,0,41584,0,0,1
G_q16_41847,fill16,1,0,41847,0,0,1
G_q16_42110,fill16,1,0,42110,0,0,1
G_q16_42374,fill16,1,0,42374,0,0,1
G_q16_42637,fill16,1,0,42637,0,0,1
G_q16_42900,fill16,1,0,42900,0,0,1
G_q16_43163,fill16,1,0,43163,0,0,1
G_q16_43426,fill16,1,0,43426,0,0,1
G_q16_43690,fill16,1,0,43690,0,0,1
G_q16_43953,fill16,1,0,43953,0,0,1
G_q16_44216,fill16,1,0,44216,0,0,1
G_q16_44479,fill16,1,0,44479,0,0,1
G_q16_44742,fill16,1,0,44742,0,0,1
G_q16_45005,fill16,1,0,45005,0,0,1
G_q16_45269,fill16,1,0,45269,0,0,1
G_q16_45532,fill16,1,0,45532,0,0,1
G_q16_45795,fill16,1,0,45795,0,0,1
G_q16_46058,fill16,1,0,46058,0,0,1
G_q16_46321,fill16,1,0,46321,0,0,1
G_q16_46585,fill16,1,0,46585,0,0,1
G_q16_46848,fill16,1,0,46848,0,0,1
G_q16_47111,fill16,1,0,47111,0,0,1
G_q16_47374,fill16,1,0,47374,0,0,1
G_q16_47637,fill16,1,0,47637,0,0,1
G_q16_47901,fill16,1,0,47901,0,0,1
G_q16_48164,fill16,1,0,48164,0,0,1
G_q16_48427,fill16,1,0,48427,0,0,1
G_q16_48690,fill16,1,0,48690,0,0,1
G_q16_48953,fill16,1,0,48953,0,0,1
G_q16_49217,fill16,1,0,49217,0,0,1
G_q16_49480,fill16,1,0,49480,0,0,1
G_q16_49743,fill16,1,0,49743,0,0,1
G_q16_50006,fill16,1,0,50006,0,0,1
G_q16_50269,fill16,1,0,50269,0,0,1
G_q16_50533,fill16,1,0,50533,0,0,1
G_q16_50796,fill16,1,0,50796,0,0,1
G_q16_51059,fill16,1,0,51059,0,0,1
G_q16_51322,fill16,1,0,51322,0,0,1
G_q16_51585,fill16,1,0,51585,0,0,1
G_q16_51848,fill16,1,0,51848,0,0,1
G_q16_52112,fill16,1,0,52112,0,0,1
G_q16_52375,fill16,1,0,52375,0,0,1
G_q16_52638,fill16,1,0,52638,0,0,1
G_q16_52901,fill16,1,0,52901,0,0,1
G_q16_53164,fill16,1,0,53164,0,0,1
G_q16_53428,fill16,1,0,53428,0,0,1
G_q16_53691,fill16,1,0,53691,0,0,1
G_q16_53954,fill16,1,0,53954,0,0,1
G_q16_54217,fill16,1,0,54217,0,0,1
G_q16_54480,fill16,1,0,54480,0,0,1
G_q16_54744,fill16,1,0,54744,0,0,1
G_q16_55007,fill16,1,0,55007,0,0,1
G_q16_55270,fill16,1,0,55270,0,0,1
G_q16_55533,fill16,1,0,55533,0,0,1
G_q16_55796,fill16,1,0,55796,0,0,1
G_q16_56060,fill16,1,0,56060,0,0,1
G_q16_56323,fill16,1,0,56323,0,0,1
G_q16_56586,fill16,1,0,56586,0,0,1
G_q16_56849,fill16,1,0,56849,0,0,1
G_q16_57112,fill16,1,0,57112,0,0,1
G_q16_57376,fill16,1,0,57376,0,0,1
G_q16_57639,fill16,1,0,57639,0,0,1
G_q16_57902,fill16,1,0,57902,0,0,1
G_q16_58165,fill16,1,0,58165,0,0,1
G_q16_58428,fill16,1,0,58428,0,0,1
G_q16_58691,fill16,1,0,58691,0,0,1
G_q16_58955,fill16,1,0,58955,0,0,1
G_q16_59218,fill16,1,0,59218,0,0,1
G_q16_59481,fill16,1,0,59481,0,0,1
G_q16_59744,fill16,1,0,59744,0,0,1
G_q16_60007,fill16,1,0,60007,0,0,1
G_q16_60271,fill16,1,0,60271,0,0,1
G_q16_60534,fill16,1,0,60534,0,0,1
G_q16_60797,fill16,1,0,60797,0,0,1
G_q16_61060,fill16,1,0,61060,0,0,1
G_q16_61323,fill16,1,0,61323,0,0,1
G_q16_61587,fill16,1,0,61587,0,0,1
G_q16_61850,fill16,1,0,61850,0,0,1
G_q16_62113,fill16,1,0,62113,0,0,1
G_q16_62376,fill16,1,0,62376,0,0,1
G_q16_62639,fill16,1,0,62639,0,0,1
G_q16_62903,fill16,1,0,62903,0,0,1
G_q16_63166,fill16,1,0,63166,0,0,1
G_q16_63429,fill16,1,0,63429,0,0,1
G_q16_63692,fill16,1,0,63692,0,0,1
G_q16_63955,fill16,1,0,63955,0,0,1
G_q16_64219,fill16,1,0,64219,0,0,1
G_q16_64482,fill16,1,0,64482,0,0,1
G_q16_64745,fill16,1,0,64745,0,0,1
G_q16_65008,fill16,1,0,65008,0,0,1
G_q16_65271,fill16,1,0,65271,0,0,1
G_q16_65535,fill16,1,0,65535,0,0,1
B_q16_00000,fill16,1,0,0,0,0,1
B_q16_00263,fill16,1,0,0,263,0,1
B_q16_00526,fill16,1,0,0,526,0,1
B_q16_00789,fill16,1,0,0,789,0,1
B_q16_01052,fill16,1,0,0,1052,0,1
B_q16_01315,fill16,1,0,0,1315,0,1
B_q16_01579,fill16,1,0,0,1579,0,1
B_q16_01842,fill16,1,0,0,1842,0,1
B_q16_02105,fill16,1,0,0,2105,0,1
B_q16_02368,fill16,1,0,0,2368,0,1
B_q16_02631,fill16,1,0,0,2631,0,1
B_q16_02895,fill16,1,0,0,2895,0,1
B_q16_03158,fill16,1,0,0,3158,0,1
B_q16_03421,fill16,1,0,0,3421,0,1
B_q16_03684,fill16,1,0,0,3684,0,1
B_q16_03947,fill16,1,0,0,3947,0,1
B_q16_04211,fill16,1,0,0,4211,0,1
B_q16_04474,fill16,1,0,0,4474,0,1
B_q16_04737,fill16,1,0,0,4737,0,1
B_q16_05000,fill16,1,0,0,5000,0,1
B_q16_05263,fill16,1,0,0,5263,0,1
B_q16_05527,fill16,1,0,0,5527,0,1
B_q16_05790,fill16,1,0,0,5790,0,1
B_q16_06053,fill16,1,0,0,6053,0,1
B_q16_06316,fill16,1,0,0,6316,0,1
B_q16_06579,fill16,1,0,0,6579,0,1
B_q16_06843,fill16,1,0,0,6843,0,1
B_q16_07106,fill16,1,0,0,7106,0,1
B_q16_07369,fill16,1,0,0,7369,0,1
B_q16_07632,fill16,1,0,0,7632,0,1
B_q16_07895,fill16,1,0,0,7895,0,1
B_q16_08158,fill16,1,0,0,8158,0,1
B_q16_08422,fill16,1,0,0,8422,0,1
B_q16_08685,fill16,1,0,0,8685,0,1
B_q16_08948,fill16,1,0,0,8948,0,1
B_q16_09211,fill16,1,0,0,9211,0,1
B_q16_09474,fill16,1,0,0,9474,0,1
B_q16_09738,fill16,1,0,0,9738,0,1
B_q16_10001,fill16,1,0,0,10001,0,1
B_q16_10264,fill16,1,0,0,10264,0,1
B_q16_10527,fill16,1,0,0,10527,0,1
B_q16_10790,fill16,1,0,0,10790,0,1
B_q16_11054,fill16,1,0,0,11054,0,1
B_q16_11317,fill16,1,0,0,11317,0,1
B_q16_11580,fill16,1,0,0,11580,0,1
B_q16_11843,fill16,1,0,0,11843,0,1
B_q16_12106,fill16,1,0,0,12106,0,1
B_q16_12370,fill16,1,0,0,12370,0,1
B_q16_12633,fill16,1,0,0,12633,0,1
B_q16_12896,fill16,1,0,0,12896,0,1
B_q16_13159,fill16,1,0,0,13159,0,1
B_q16_13422,fill16,1,0,0,13422,0,1
B_q16_13686,fill16,1,0,0,13686,0,1
B_q16_13949,fill16,1,0,0,13949,0,1
B_q16_14212,fill16,1,0,0,14212,0,1
B_q16_14475,fill16,1,0,0,14475,0,1
B_q16_14738,fill16,1,0,0,14738,0,1
B_q16_15001,fill16,1,0,0,15001,0,1
B_q16_15265,fill16,1,0,0,15265,0,1
B_q16_15528,fill16,1,0,0,15528,0,1
B_q16_15791,fill16,1,0,0,15791,0,1
B_q16_16054,fill16,1,0,0,16054,0,1
B_q16_16317,fill16,1,0,0,16317,0,1
B_q16_16581,fill16,1,0,0,16581,0,1
B_q16_16844,fill16,1,0,0,16844,0,1
B_q16_17107,fill16,1,0,0,17107,0,1
B_q16_17370,fill16,1,0,0,17370,0,1
B_q16_17633,fill16,1,0,0,17633,0,1
B_q16_17897,fill16,1,0,0,17897,0,1
B_q16_18160,fill16,1,0,0,18160,0,1
B_q16_18423,fill16,1,0,0,18423,0,1
B_q16_18686,fill16,1,0,0,18686,0,1
B_q16_18949,fill16,1,0,0,18949,0,1
B_q16_19213,fill16,1,0,0,19213,0,1
B_q16_19476,fill16,1,0,0,19476,0,1
B_q16_19739,fill16,1,0,0,19739,0,1
B_q16_20002,fill16,1,0,0,20002,0,1
B_q16_20265,fill16,1,0,0,20265,0,1
B_q16_20529,fill16,1,0,0,20529,0,1
B_q16_20792,fill16,1,0,0,20792,0,1
B_q16_21055,fill16,1,0,0,21055,0,1
B_q16_21318,fill16,1,0,0,21318,0,1
B_q16_21581,fill16,1,0,0,21581,0,1
B_q16_21845,fill16,1,0,0,21845,0,1
B_q16_22108,fill16,1,0,0,22108,0,1
B_q16_22371,fill16,1,0,0,22371,0,1
B_q16_22634,fill16,1,0,0,22634,0,1
B_q16_22897,fill16,1,0,0,22897,0,1
B_q16_23160,fill16,1,0,0,23160,0,1
B_q16_23424,fill16,1,0,0,23424,0,1
B_q16_23687,fill16,1,0,0,23687,0,1
B_q16_23950,fill16,1,0,0,23950,0,1
B_q16_24213,fill16,1,0,0,24213,0,1
B_q16_24476,fill16,1,0,0,24476,0,1
B_q16_24740,fill16,1,0,0,24740,0,1
B_q16_25003,fill16,1,0,0,25003,0,1
B_q16_25266,fill16,1,0,0,25266,0,1
B_q16_25529,fill16,1,0,0,25529,0,1
B_q16_25792,fill16,1,0,0,25792,0,1
B_q16_26056,fill16,1,0,0,26056,0,1
B_q16_26319,fill16,1,0,0,26319,0,1
B_q16_26582,fill16,1,0,0,26582,0,1
B_q16_26845,fill16,1,0,0,26845,0,1
B_q16_27108,fill16,1,0,0,27108,0,1
B_q16_27372,fill16,1,0,0,27372,0,1
B_q16_27635,fill16,1,0,0,27635,0,1
B_q16_27898,fill16,1,0,0,27898,0,1
B_q16_28161,fill16,1,0,0,28161,0,1
B_q16_28424,fill16,1,0,0,28424,0,1
B_q16_28688,fill16,1,0,0,28688,0,1
B_q16_28951,fill16,1,0,0,28951,0,1
B_q16_29214,fill16,1,0,0,29214,0,1
B_q16_29477,fill16,1,0,0,29477,0,1
B_q16_29740,fill16,1,0,0,29740,0,1
B_q16_30003,fill16,1,0,0,30003,0,1
B_q16_30267,fill16,1,0,0,30267,0,1
B_q16_30530,fill16,1,0,0,30530,0,1
B_q16_30793,fill16,1,0,0,30793,0,1
B_q16_31056,fill16,1,0,0,31056,0,1
B_q16_31319,fill16,1,0,0,31319,0,1
B_q16_31583,fill16,1,0,0,31583,0,1
B_q16_31846,fill16,1,0,0,31846,0,1
B_q16_32109,fill16,1,0,0,32109,0,1
B_q16_32372,fill16,1,0,0,32372,0,1
B_q16_32635,fill16,1,0,0,32635,0,1
B_q16_32899,fill16,1,0,0,32899,0,1
B_q16_33162,fill16,1,0,0,33162,0,1
B_q16_33425,fill16,1,0,0,33425,0,1
B_q16_33688,fill16,1,0,0,33688,0,1
B_q16_33951,fill16,1,0,0,33951,0,1
B_q16_34215,fill16,1,0,0,34215,0,1
B_q16_34478,fill16,1,0,0,34478,0,1
B_q16_34741,fill16,1,0,0,34741,0,1
B_q16_35004,fill16,1,0,0,35004,0,1
B_q16_35267,fill16,1,0,0,35267,0,1
B_q16_35531,fill16,1,0,0,35531,0,1
B_q16_35794,fill16,1,0,0,35794,0,1
B_q16_36057,fill16,1,0,0,36057,0,1
B_q16_36320,fill16,1,0,0,36320,0,1
B_q16_36583,fill16,1,0,0,36583,0,1
B_q16_36846,fill16,1,0,0,36846,0,1
B_q16_37110,fill16,1,0,0,37110,0,1
B_q16_37373,fill16,1,0,0,37373,0,1
B_q16_37636,fill16,1,0,0,37636,0,1
B_q16_37899,fill16,1,0,0,37899,0,1
B_q16_38162,fill16,1,0,0,38162,0,1
B_q16_38426,fill16,1,0,0,38426,0,1
B_q16_38689,fill16,1,0,0,38689,0,1
B_q16_38952,fill16,1,0,0,38952,0,1
B_q16_39215,fill16,1,0,0,39215,0,1
B_q16_39478,fill16,1,0,0,39478,0,1
B_q16_39742,fill16,1,0,0,39742,0,1
B_q16_40005,fill16,1,0,0,40005,0,1
B_q16_40268,fill16,1,0,0,40268,0,1
B_q16_40531,fill16,1,0,0,40531,0,1
B_q16_40794,fill16,1,0,0,40794,0,1
B_q16_41058,fill16,1,0,0,41058,0,1
B_q16_41321,fill16,1,0,0,41321,0,1
B_q16_41584,fill16,1,0,0,41584,0,1
B_q16_41847,fill16,1,0,0,41847,0,1
B_q16_42110,fill16,1,0,0,42110,0,1
B_q16_42374,fill16,1,0,0,42374,0,1
B_q16_42637,fill16,1,0,0,42637,0,1
B_q16_42900,fill16,1,0,0,42900,0,1
B_q16_43163,fill16,1,0,0,43163,0,1
B_q16_43426,fill16,1,0,0,43426,0,1
B_q16_43690,fill16,1,0,0,43690,0,1
B_q16_43953,fill16,1,0,0,43953,0,1
B_q16_44216,fill16,1,0,0,44216,0,1
B_q16_44479,fill16,1,0,0,44479,0,1
B_q16_44742,fill16,1,0,0,44742,0,1
B_q16_45005,fill16,1,0,0,45005,0,1
B_q16_45269,fill16,1,0,0,45269,0,1
B_q16_45532,fill16,1,0,0,45532,0,1
B_q16_45795,fill16,1,0,0,45795,0,1
B_q16_46058,fill16,1,0,0,46058,0,1
B_q16_46321,fill16,1,0,0,46321,0,1
B_q16_46585,fill16,1,0,0,46585,0,1
B_q16_46848,fill16,1,0,0,46848,0,1
B_q16_47111,fill16,1,0,0,47111,0,1
B_q16_47374,fill16,1,0,0,47374,0,1
B_q16_47637,fill16,1,0,0,47637,0,1
B_q16_47901,fill16,1,0,0,47901,0,1
B_q16_48164,fill16,1,0,0,48164,0,1
B_q16_48427,fill16,1,0,0,48427,0,1
B_q16_48690,fill16,1,0,0,48690,0,1
B_q16_48953,fill16,1,0,0,48953,0,1
B_q16_49217,fill16,1,0,0,49217,0,1
B_q16_49480,fill16,1,0,0,49480,0,1
B_q16_49743,fill16,1,0,0,49743,0,1
B_q16_50006,fill16,1,0,0,50006,0,1
B_q16_50269,fill16,1,0,0,50269,0,1
B_q16_50533,fill16,1,0,0,50533,0,1
B_q16_50796,fill16,1,0,0,50796,0,1
B_q16_51059,fill16,1,0,0,51059,0,1
B_q16_51322,fill16,1,0,0,51322,0,1
B_q16_51585,fill16,1,0,0,51585,0,1
B_q16_51848,fill16,1,0,0,51848,0,1
B_q16_52112,fill16,1,0,0,52112,0,1
B_q16_52375,fill16,1,0,0,52375,0,1
B_q16_52638,fill16,1,0,0,52638,0,1
B_q16_52901,fill16,1,0,0,52901,0,1
B_q16_53164,fill16,1,0,0,53164,0,1
B_q16_53428,fill16,1,0,0,53428,0,1
B_q16_53691,fill16,1,0,0,53691,0,1
B_q16_53954,fill16,1,0,0,53954,0,1
B_q16_54217,fill16,1,0,0,54217,0,1
B_q16_54480,fill16,1,0,0,54480,0,1
B_q16_54744,fill16,1,0,0,54744,0,1
B_q16_55007,fill16,1,0,0,55007,0,1
B_q16_55270,fill16,1,0,0,55270,0,1
B_q16_55533,fill16,1,0,0,55533,0,1
B_q16_55796,fill16,1,0,0,55796,0,1
B_q16_56060,fill16,1,0,0,56060,0,1
B_q16_56323,fill16,1,0,0,56323,0,1
B_q16_56586,fill16,1,0,0,56586,0,1
B_q16_56849,fill16,1,0,0,56849,0,1
B_q16_57112,fill16,1,0,0,57112,0,1
B_q16_57376,fill16,1,0,0,57376,0,1
B_q16_57639,fill16,1,0,0,57639,0,1
B_q16_57902,fill16,1,0,0,57902,0,1
B_q16_58165,fill16,1,0,0,58165,0,1
B_q16_58428,fill16,1,0,0,58428,0,1
B_q16_58691,fill16,1,0,0,58691,0,1
B_q16_58955,fill16,1,0,0,58955,0,1
B_q16_59218,fill16,1,0,0,59218,0,1
B_q16_59481,fill16,1,0,0,59481,0,1
B_q16_59744,fill16,1,0,0,59744,0,1
B_q16_60007,fill16,1,0,0,60007,0,1
B_q16_60271,fill16,1,0,0,60271,0,1
B_q16_60534,fill16,1,0,0,60534,0,1
B_q16_60797,fill16,1,0,0,60797,0,1
B_q16_61060,fill16,1,0,0,61060,0,1
B_q16_61323,fill16,1,0,0,61323,0,1
B_q16_61587,fill16,1,0,0,61587,0,1
B_q16_61850,fill16,1,0,0,61850,0,1
B_q16_62113,fill16,1,0,0,62113,0,1
B_q16_62376,fill16,1,0,0,62376,0,1
B_q16_62639,fill16,1,0,0,62639,0,1
B_q16_62903,fill16,1,0,0,62903,0,1
B_q16_63166,fill16,1,0,0,63166,0,1
B_q16_63429,fill16,1,0,0,63429,0,1
B_q16_63692,fill16,1,0,0,63692,0,1
B_q16_63955,fill16,1,0,0,63955,0,1
B_q16_64219,fill16,1,0,0,64219,0,1
B_q16_64482,fill16,1,0,0,64482,0,1
B_q16_64745,fill16,1,0,0,64745,0,1
B_q16_65008,fill16,1,0,0,65008,0,1
B_q16_65271,fill16,1,0,0,65271,0,1
B_q16_65535,fill16,1,0,0,65535,0,1
W_q16_00000,fill16,1,0,0,0,0,1
W_q16_00263,fill16,1,0,0,0,263,1
W_q16_00526,fill16,1,0,0,0,526,1
W_q16_00789,fill16,1,0,0,0,789,1
W_q16_01052,fill16,1,0,0,0,1052,1
W_q16_01315,fill16,1,0,0,0,1315,1
W_q16_01579,fill16,1,0,0,0,1579,1
W_q16_01842,fill16,1,0,0,0,1842,1
W_q16_02105,fill16,1,0,0,0,2105,1
W_q16_02368,fill16,1,0,0,0,2368,1
W_q16_02631,fill16,1,0,0,0,2631,1
W_q16_02895,fill16,1,0,0,0,2895,1
W_q16_03158,fill16,1,0,0,0,3158,1
W_q16_03421,fill16,1,0,0,0,3421,1
W_q16_03684,fill16,1,0,0,0,3684,1
W_q16_03947,fill16,1,0,0,0,3947,1
W_q16_04211,fill16,1,0,0,0,4211,1
W_q16_04474,fill16,1,0,0,0,4474,1
W_q16_04737,fill16,1,0,0,0,4737,1
W_q16_05000,fill16,1,0,0,0,5000,1
W_q16_05263,fill16,1,0,0,0,5263,1
W_q16_05527,fill16,1,0,0,0,5527,1
W_q16_05790,fill16,1,0,0,0,5790,1
W_q16_06053,fill16,1,0,0,0,6053,1
W_q16_06316,fill16,1,0,0,0,6316,1
W_q16_06579,fill16,1,0,0,0,6579,1
W_q16_06843,fill16,1,0,0,0,6843,1
W_q16_07106,fill16,1,0,0,0,7106,1
W_q16_07369,fill16,1,0,0,0,7369,1
W_q16_07632,fill16,1,0,0,0,7632,1
W_q16_07895,fill16,1,0,0,0,7895,1
W_q16_08158,fill16,1,0,0,0,8158,1
W_q16_08422,fill16,1,0,0,0,8422,1
W_q16_08685,fill16,1,0,0,0,8685,1
W_q16_08948,fill16,1,0,0,0,8948,1
W_q16_09211,fill16,1,0,0,0,9211,1
W_q16_09474,fill16,1,0,0,0,9474,1
W_q16_09738,fill16,1,0,0,0,9738,1
W_q16_10001,fill16,1,0,0,0,10001,1
W_q16_10264,fill16,1,0,0,0,10264,1
W_q16_10527,fill16,1,0,0,0,10527,1
W_q16_10790,fill16,1,0,0,0,10790,1
W_q16_11054,fill16,1,0,0,0,11054,1
W_q16_11317,fill16,1,0,0,0,11317,1
W_q16_11580,fill16,1,0,0,0,11580,1
W_q16_11843,fill16,1,0,0,0,11843,1
W_q16_12106,fill16,1,0,0,0,12106,1
W_q16_12370,fill16,1,0,0,0,12370,1
W_q16_12633,fill16,1,0,0,0,12633,1
W_q16_12896,fill16,1,0,0,0,12896,1
W_q16_13159,fill16,1,0,0,0,13159,1
W_q16_13422,fill16,1,0,0,0,13422,1
W_q16_13686,fill16,1,0,0,0,13686,1
W_q16_13949,fill16,1,0,0,0,13949,1
W_q16_14212,fill16,1,0,0,0,14212,1
W_q16_14475,fill16,1,0,0,0,14475,1
W_q16_14738,fill16,1,0,0,0,14738,1
W_q16_15001,fill16,1,0,0,0,15001,1
W_q16_15265,fill16,1,0,0,0,15265,1
W_q16_15528,fill16,1,0,0,0,15528,1
W_q16_15791,fill16,1,0,0,0,15791,1
W_q16_16054,fill16,1,0,0,0,16054,1
W_q16_16317,fill16,1,0,0,0,16317,1
W_q16_16581,fill16,1,0,0,0,16581,1
W_q16_16844,fill16,1,0,0,0,16844,1
W_q16_17107,fill16,1,0,0,0,17107,1
W_q16_17370,fill16,1,0,0,0,17370,1
W_q16_17633,fill16,1,0,0,0,17633,1
W_q16_17897,fill16,1,0,0,0,17897,1
W_q16_18160,fill16,1,0,0,0,18160,1
W_q16_18423,fill16,1,0,0,0,18423,1
W_q16_18686,fill16,1,0,0,0,18686,1
W_q16_18949,fill16,1,0,0,0,18949,1
W_q16_19213,fill16,1,0,0,0,19213,1
W_q16_19476,fill16,1,0,0,0,19476,1
W_q16_19739,fill16,1,0,0,0,19739,1
W_q16_20002,fill16,1,0,0,0,20002,1
W_q16_20265,fill16,1,0,0,0,20265,1
W_q16_20529,fill16,1,0,0,0,20529,1
W_q16_20792,fill16,1,0,0,0,20792,1
W_q16_21055,fill16,1,0,0,0,21055,1
W_q16_21318,fill16,1,0,0,0,21318,1
W_q16_21581,fill16,1,0,0,0,21581,1
W_q16_21845,fill16,1,0,0,0,21845,1
W_q16_22108,fill16,1,0,0,0,22108,1
W_q16_22371,fill16,1,0,0,0,22371,1
W_q16_22634,fill16,1,0,0,0,22634,1
W_q16_22897,fill16,1,0,0,0,22897,1
W_q16_23160,fill16,1,0,0,0,23160,1
W_q16_23424,fill16,1,0,0,0,23424,1
W_q16_23687,fill16,1,0,0,0,23687,1
W_q16_23950,fill16,1,0,0,0,23950,1
W_q16_24213,fill16,1,0,0,0,24213,1
W_q16_24476,fill16,1,0,0,0,24476,1
W_q16_24740,fill16,1,0,0,0,24740,1
W_q16_25003,fill16,1,0,0,0,25003,1
W_q16_25266,fill16,1,0,0,0,25266,1
W_q16_25529,fill16,1,0,0,0,25529,1
W_q16_25792,fill16,1,0,0,0,25792,1
W_q16_26056,fill16,1,0,0,0,26056,1
W_q16_26319,fill16,1,0,0,0,26319,1
W_q16_26582,fill16,1,0,0,0,26582,1
W_q16_26845,fill16,1,0,0,0,26845,1
W_q16_27108,fill16,1,0,0,0,27108,1
W_q16_27372,fill16,1,0,0,0,27372,1
W_q16_27635,fill16,1,0,0,0,27635,1
W_q16_27898,fill16,1,0,0,0,27898,1
W_q16_28161,fill16,1,0,0,0,28161,1
W_q16_28424,fill16,1,0,0,0,28424,1
W_q16_28688,fill16,1,0,0,0,28688,1
W_q16_28951,fill16,1,0,0,0,28951,1
W_q16_29214,fill16,1,0,0,0,29214,1
W_q16_29477,fill16,1,0,0,0,29477,1
W_q16_29740,fill16,1,0,0,0,29740,1
W_q16_30003,fill16,1,0,0,0,30003,1
W_q16_30267,fill16,1,0,0,0,30267,1
W_q16_30530,fill16,1,0,0,0,30530,1
W_q16_30793,fill16,1,0,0,0,30793,1
W_q16_31056,fill16,1,0,0,0,31056,1
W_q16_31319,fill16,1,0,0,0,31319,1
W_q16_31583,fill16,1,0,0,0,31583,1
W_q16_31846,fill16,1,0,0,0,31846,1
W_q16_32109,fill16,1,0,0,0,32109,1
W_q16_32372,fill16,1,0,0,0,32372,1
W_q16_32635,fill16,1,0,0,0,32635,1
W_q16_32899,fill16,1,0,0,0,32899,1
W_q16_33162,fill16,1,0,0,0,33162,1
W_q16_33425,fill16,1,0,0,0,33425,1
W_q16_33688,fill16,1,0,0,0,33688,1
W_q16_33951,fill16,1,0,0,0,33951,1
W_q16_34215,fill16,1,0,0,0,34215,1
W_q16_34478,fill16,1,0,0,0,34478,1
W_q16_34741,fill16,1,0,0,0,34741,1
W_q16_35004,fill16,1,0,0,0,35004,1
W_q16_35267,fill16,1,0,0,0,35267,1
W_q16_35531,fill16,1,0,0,0,35531,1
W_q16_35794,fill16,1,0,0,0,35794,1
W_q16_36057,fill16,1,0,0,0,36057,1
W_q16_36320,fill16,1,0,0,0,36320,1
W_q16_36583,fill16,1,0,0,0,36583,1
W_q16_36846,fill16,1,0,0,0,36846,1
W_q16_37110,fill16,1,0,0,0,37110,1
W_q16_37373,fill16,1,0,0,0,37373,1
W_q16_37636,fill16,1,0,0,0,37636,1
W_q16_37899,fill16,1,0,0,0,37899,1
W_q16_38162,fill16,1,0,0,0,38162,1
W_q16_38426,fill16,1,0,0,0,38426,1
W_q16_38689,fill16,1,0,0,0,38689,1
W_q16_38952,fill16,1,0,0,0,38952,1
W_q16_39215,fill16,1,0,0,0,39215,1
W_q16_39478,fill16,1,0,0,0,39478,1
W_q16_39742,fill16,1,0,0,0,39742,1
W_q16_40005,fill16,1,0,0,0,40005,1
W_q16_40268,fill16,1,0,0,0,40268,1
W_q16_40531,fill16,1,0,0,0,40531,1
W_q16_40794,fill16,1,0,0,0,40794,1
W_q16_41058,fill16,1,0,0,0,41058,1
W_q16_41321,fill16,1,0,0,0,41321,1
W_q16_41584,fill16,1,0,0,0,41584,1
W_q16_41847,fill16,1,0,0,0,41847,1
W_q16_42110,fill16,1,0,0,0,42110,1
W_q16_42374,fill16,1,0,0,0,42374,1
W_q16_42637,fill16,1,0,0,0,42637,1
W_q16_42900,fill16,1,0,0,0,42900,1
W_q16_43163,fill16,1,0,0,0,43163,1
W_q16_43426,fill16,1,0,0,0,43426,1
W_q16_43690,fill16,1,0,0,0,43690,1
W_q16_43953,fill16,1,0,0,0,43953,1
W_q16_44216,fill16,1,0,0,0,44216,1
W_q16_44479,fill16,1,0,0,0,44479,1
W_q16_44742,fill16,1,0,0,0,44742,1
W_q16_45005,fill16,1,0,0,0,45005,1
W_q16_45269,fill16,1,0,0,0,45269,1
W_q16_45532,fill16,1,0,0,0,45532,1
W_q16_45795,fill16,1,0,0,0,45795,1
W_q16_46058,fill16,1,0,0,0,46058,1
W_q16_46321,fill16,1,0,0,0,46321,1
W_q16_46585,fill16,1,0,0,0,46585,1
W_q16_46848,fill16,1,0,0,0,46848,1
W_q16_47111,fill16,1,0,0,0,47111,1
W_q16_47374,fill16,1,0,0,0,47374,1
W_q16_47637,fill16,1,0,0,0,47637,1
W_q16_47901,fill16,1,0,0,0,47901,1
W_q16_48164,fill16,1,0,0,0,48164,1
W_q16_48427,fill16,1,0,0,0,48427,1
W_q16_48690,fill16,1,0,0,0,48690,1
W_q16_48953,fill16,1,0,0,0,48953,1
W_q16_49217,fill16,1,0,0,0,49217,1
W_q16_49480,fill16,1,0,0,0,49480,1
W_q16_49743,fill16,1,0,0,0,49743,1
W_q16_50006,fill16,1,0,0,0,50006,1
W_q16_50269,fill16,1,0,0,0,50269,1
W_q16_50533,fill16,1,0,0,0,50533,1
W_q16_50796,fill16,1,0,0,0,50796,1
W_q16_51059,fill16,1,0,0,0,51059,1
W_q16_51322,fill16,1,0,0,0,51322,1
W_q16_51585,fill16,1,0,0,0,51585,1
W_q16_51848,fill16,1,0,0,0,51848,1
W_q16_52112,fill16,1,0,0,0,52112,1
W_q16_52375,fill16,1,0,0,0,52375,1
W_q16_52638,fill16,1,0,0,0,52638,1
W_q16_52901,fill16,1,0,0,0,52901,1
W_q16_53164,fill16,1,0,0,0,53164,1
W_q16_53428,fill16,1,0,0,0,53428,1
W_q16_53691,fill16,1,0,0,0,53691,1
W_q16_53954,fill16,1,0,0,0,53954,1
W_q16_54217,fill16,1,0,0,0,54217,1
W_q16_54480,fill16,1,0,0,0,54480,1
W_q16_54744,fill16,1,0,0,0,54744,1
W_q16_55007,fill16,1,0,0,0,55007,1
W_q16_55270,fill16,1,0,0,0,55270,1
W_q16_55533,fill16,1,0,0,0,55533,1
W_q16_55796,fill16,1,0,0,0,55796,1
W_q16_56060,fill16,1,0,0,0,56060,1
W_q16_56323,fill16,1,0,0,0,56323,1
W_q16_56586,fill16,1,0,0,0,56586,1
W_q16_56849,fill16,1,0,0,0,56849,1
W_q16_57112,fill16,1,0,0,0,57112,1
W_q16_57376,fill16,1,0,0,0,57376,1
W_q16_57639,fill16,1,0,0,0,57639,1
W_q16_57902,fill16,1,0,0,0,57902,1
W_q16_58165,fill16,1,0,0,0,58165,1
W_q16_58428,fill16,1,0,0,0,58428,1
W_q16_58691,fill16,1,0,0,0,58691,1
W_q16_58955,fill16,1,0,0,0,58955,1
W_q16_59218,fill16,1,0,0,0,59218,1
W_q16_59481,fill16,1,0,0,0,59481,1
W_q16_59744,fill16,1,0,0,0,59744,1
W_q16_60007,fill16,1,0,0,0,60007,1
W_q16_60271,fill16,1,0,0,0,60271,1
W_q16_60534,fill16,1,0,0,0,60534,1
W_q16_60797,fill16,1,0,0,0,60797,1
W_q16_61060,fill16,1,0,0,0,61060,1
W_q16_61323,fill16,1,0,0,0,61323,1
W_q16_61587,fill16,1,0,0,0,61587,1
W_q16_61850,fill16,1,0,0,0,61850,1
W_q16_62113,fill16,1,0,0,0,62113,1
W_q16_62376,fill16,1,0,0,0,62376,1
W_q16_62639,fill16,1,0,0,0,62639,1
W_q16_62903,fill16,1,0,0,0,62903,1
W_q16_63166,fill16,1,0,0,0,63166,1
W_q16_63429,fill16,1,0,0,0,63429,1
W_q16_63692,fill16,1,0,0,0,63692,1
W_q16_63955,fill16,1,0,0,0,63955,1
W_q16_64219,fill16,1,0,0,0,64219,1
W_q16_64482,fill16,1,0,0,0,64482,1
W_q16_64745,fill16,1,0,0,0,64745,1
W_q16_65008,fill16,1,0,0,0,65008,1
W_q16_65271,fill16,1,0,0,0,65271,1
W_q16_65535,fill16,1,0,0,0,65535,1
color_r0.3_g0.3_b0.6_16383,fill16,1,4914,4914,9829,0,1
color_r0.3_g0.3_b0.6_32767,fill16,1,9830,9830,19660,0,1
color_r0.3_g0.3_b0.6_49151,fill16,1,14745,14745,29490,0,1
color_r0.3_g0.3_b1.0_16383,fill16,1,4914,4914,16383,0,1
color_r0.3_g0.3_b1.0_32767,fill16,1,9830,9830,32767,0,1
color_r0.3_g0.3_b1.0_49151,fill16,1,14745,14745,49151,0,1
color_r0.3_g0.6_b0.3_16383,fill16,1,4914,9829,4914,0,1
color_r0.3_g0.6_b0.3_32767,fill16,1,9830,19660,9830,0,1
color_r0.3_g0.6_b0.3_49151,fill16,1,14745,29490,14745,0,1
color_r0.3_g0.6_b0.6_16383,fill16,1,4914,9829,9829,0,1
color_r0.3_g0.6_b0.6_32767,fill16,1,9830,19660,19660,0,1
color_r0.3_g0.6_b0.6_49151,fill16,1,14745,29490,29490,0,1
color_r0.3_g0.6_b1.0_16383,fill16,1,4914,9829,16383,0,1
color_r0.3_g0.6_b1.0_32767,fill16,1,9830,19660,32767,0,1
color_r0.3_g0.6_b1.0_49151,fill16,1,14745,29490,49151,0,1
color_r0.3_g1.0_b0.3_16383,fill16,1,4914,16383,4914,0,1
color_r0.3_g1.0_b0.3_32767,fill16,1,9830,32767,9830,0,1
color_r0.3_g1.0_b0.3_49151,fill16,1,14745,49151,14745,0,1
color_r0.3_g1.0_b0.6_16383,fill16,1,4914,16383,9829,0,1
color_r0.3_g1.0_b0.6_32767,fill16,1,9830,32767,19660,0,1
color_r0.3_g1.0_b0.6_49151,fill16,1,14745,49151,29490,0,1
color_r0.3_g1.0_b1.0_16383,fill16,1,4914,16383,16383,0,1
color_r0.3_g1.0_b1.0_32767,fill16,1,9830,32767,32767,0,1
color_r0.3_g1.0_b1.0_49151,fill16,1,14745,49151,49151,0,1
color_r0.6_g0.3_b0.3_16383,fill16,1,9829,4914,4914,0,1
color_r0.6_g0.3_b0.3_32767,fill16,1,19660,9830,9830,0,1
color_r0.6_g0.3_b0.3_49151,fill16,1,29490,14745,14745,0,1
color_r0.6_g0.3_b0.6_16383,fill16,1,9829,4914,9829,0,1
color_r0.6_g0.3_b0.6_32767,fill16,1,19660,9830,19660,0,1
color_r0.6_g0.3_b0.6_49151,fill16,1,29490,14745,29490,0,1
color_r0.6_g0.3_b1.0_16383,fill16,1,9829,4914,16383,0,1
color_r0.6_g0.3_b1.0_32767,fill16,1,19660,9830,32767,0,1
color_r0.6_g0.3_b1.0_49151,fill16,1,29490,14745,49151,0,1
color_r0.6_g0.6_b0.3_16383,fill16,1,9829,9829,4914,0,1
color_r0.6_g0.6_b0.3_32767,fill16,1,19660,19660,9830,0,1
color_r0.6_g0.6_b0.3_49151,fill16,1,29490,29490,14745,0,1
color_r0.6_g0.6_b1.0_16383,fill16,1,9829,9829,16383,0,1
color_r0.6_g0.6_b1.0_32767,fill16,1,19660,19660,32767,0,1
color_r0.6_g0.6_b1.0_49151,fill16,1,29490,29490,49151,0,1
color_r0.6_g1.0_b0.3_16383,fill16,1,9829,16383,4914,0,1
color_r0.6_g1.0_b0.3_32767,fill16,1,19660,32767,9830,0,1
color_r0.6_g1.0_b0.3_49151,fill16,1,29490,49151,14745,0,1
color_r0.6_g1.0_b0.6_16383,fill16,1,9829,16383,9829,0,1
color_r0.6_g1.0_b0.6_32767,fill16,1,19660,32767,19660,0,1
color_r0.6_g1.0_b0.6_49151,fill16,1,29490,49151,29490,0,1
color_r0.6_g1.0_b1.0_16383,fill16,1,9829,16383,16383,0,1
color_r0.6_g1.0_b1.0_32767,fill16,1,19660,32767,32767,0,1
color_r0.6_g1.0_b1.0_49151,fill16,1,29490,49151,49151,0,1
color_r1.0_g0.3_b0.3_16383,fill16,1,16383,4914,4914,0,1
color_r1.0_g0.3_b0.3_32767,fill16,1,32767,9830,9830,0,1
color_r1.0_g0.3_b0.3_49151,fill16,1,49151,14745,14745,0,1
color_r1.0_g0.3_b0.6_16383,fill16,1,16383,4914,9829,0,1
color_r1.0_g0.3_b0.6_32767,fill16,1,32767,9830,19660,0,1
color_r1.0_g0.3_b0.6_49151,fill16,1,49151,14745,29490,0,1
color_r1.0_g0.3_b1.0_16383,fill16,1,16383,4914,16383,0,1
color_r1.0_g0.3_b1.0_32767,fill16,1,32767,9830,32767,0,1
color_r1.0_g0.3_b1.0_49151,fill16,1,49151,14745,49151,0,1
color_r1.0_g0.6_b0.3_16383,fill16,1,16383,9829,4914,0,1
color_r1.0_g0.6_b0.3_32767,fill16,1,32767,19660,9830,0,1
color_r1.0_g0.6_b0.3_49151,fill16,1,49151,29490,14745,0,1
color_r1.0_g0.6_b0.6_16383,fill16,1,16383,9829,9829,0,1
color_r1.0_g0.6_b0.6_32767,fill16,1,32767,19660,19660,0,1
color_r1.0_g0.6_b0.6_49151,fill16,1,49151,29490,29490,0,1
color_r1.0_g0.6_b1.0_16383,fill16,1,16383,9829,16383,0,1
color_r1.0_g0.6_b1.0_32767,fill16,1,32767,19660,32767,0,1
color_r1.0_g0.6_b1.0_49151,fill16,1,49151,29490,49151,0,1
color_r1.0_g1.0_b0.3_16383,fill16,1,16383,16383,4914,0,1
color_r1.0_g1.0_b0.3_32767,fill16,1,32767,32767,9830,0,1
color_r1.0_g1.0_b0.3_49151,fill16,1,49151,49151,14745,0,1
color_r1.0_g1.0_b0.6_16383,fill16,1,16383,16383,9829,0,1
color_r1.0_g1.0_b0.6_32767,fill16,1,32767,32767,19660,0,1
color_r1.0_g1.0_b0.6_49151,fill16,1,49151,49151,29490,0,1
neutral_rgbw025_05242,fill16,1,5242,5242,5242,1310,1
neutral_rgbw050_05242,fill16,1,5242,5242,5242,2621,1
warm_rgbw015_05242,fill16,1,5242,4456,3407,786,1
amber_rgbw020_05242,fill16,1,5242,4089,1048,1048,1
cool_rgbw015_05242,fill16,1,3669,4298,5242,786,1
neutral_rgbw025_11941,fill16,1,11941,11941,11941,2985,1
neutral_rgbw050_11941,fill16,1,11941,11941,11941,5970,1
warm_rgbw015_11941,fill16,1,11941,10150,7762,1791,1
amber_rgbw020_11941,fill16,1,11941,9314,2388,2388,1
cool_rgbw015_11941,fill16,1,8359,9792,11941,1791,1
neutral_rgbw025_18640,fill16,1,18640,18640,18640,4660,1
neutral_rgbw050_18640,fill16,1,18640,18640,18640,9320,1
warm_rgbw015_18640,fill16,1,18640,15844,12116,2796,1
amber_rgbw020_18640,fill16,1,18640,14539,3728,3728,1
cool_rgbw015_18640,fill16,1,13048,15285,18640,2796,1
neutral_rgbw025_25339,fill16,1,25339,25339,25339,6335,1
neutral_rgbw050_25339,fill16,1,25339,25339,25339,12670,1
warm_rgbw015_25339,fill16,1,25339,21538,16470,3801,1
amber_rgbw020_25339,fill16,1,25339,19764,5068,5068,1
cool_rgbw015_25339,fill16,1,17737,20778,25339,3801,1
neutral_rgbw025_32038,fill16,1,32038,32038,32038,8010,1
neutral_rgbw050_32038,fill16,1,32038,32038,32038,16019,1
warm_rgbw015_32038,fill16,1,32038,27232,20825,4806,1
amber_rgbw020_32038,fill16,1,32038,24990,6408,6408,1
cool_rgbw015_32038,fill16,1,22427,26271,32038,4806,1
neutral_rgbw025_38738,fill16,1,38738,38738,38738,9684,1
neutral_rgbw050_38738,fill16,1,38738,38738,38738,19369,1
warm_rgbw015_38738,fill16,1,38738,32927,25180,5811,1
amber_rgbw020_38738,fill16,1,38738,30216,7748,7748,1
cool_rgbw015_38738,fill16,1,27117,31765,38738,5811,1
neutral_rgbw025_45437,fill16,1,45437,45437,45437,11359,1
neutral_rgbw050_45437,fill16,1,45437,45437,45437,22718,1
warm_rgbw015_45437,fill16,1,45437,38621,29534,6816,1
amber_rgbw020_45437,fill16,1,45437,35441,9087,9087,1
cool_rgbw015_45437,fill16,1,31806,37258,45437,6816,1
neutral_rgbw025_52136,fill16,1,52136,52136,52136,13034,1
neutral_rgbw050_52136,fill16,1,52136,52136,52136,26068,1
warm_rgbw015_52136,fill16,1,52136,44316,33888,7820,1
amber_rgbw020_52136,fill16,1,52136,40666,10427,10427,1
cool_rgbw015_52136,fill16,1,36495,42752,52136,7820,1
neutral_rgbw025_58835,fill16,1,58835,58835,58835,14709,1
neutral_rgbw050_58835,fill16,1,58835,58835,58835,29418,1
warm_rgbw015_58835,fill16,1,58835,50010,38243,8825,1
amber_rgbw020_58835,fill16,1,58835,45891,11767,11767,1
cool_rgbw015_58835,fill16,1,41184,48245,58835,8825,1
neutral_rgbw025_65535,fill16,1,65535,65535,65535,16384,1
neutral_rgbw050_65535,fill16,1,65535,65535,65535,32768,1
warm_rgbw015_65535,fill16,1,65535,55705,42598,9830,1
amber_rgbw020_65535,fill16,1,65535,51117,13107,13107,1
cool_rgbw015_65535,fill16,1,45874,53739,65535,9830,1
BLACK_q16_00000,fill16,1,0,0,0,0,1
